"Count","Name","Path"
"953","3LCourseAZ040","C:\Program Files\WindowsPowerShell\Modules\3LCourseAZ040"
"954","Add-AzFirewallRule","C:\Program Files\WindowsPowerShell\Modules\Add-AzFirewallRule"
"955","AdoAzureHelper","C:\Program Files\WindowsPowerShell\Modules\AdoAzureHelper"
"956","AdobeUM.AzureAD","C:\Program Files\WindowsPowerShell\Modules\AdobeUM.AzureAD"
"957","Altazion","C:\Program Files\WindowsPowerShell\Modules\Altazion"
"958","Altazion.Shell","C:\Program Files\WindowsPowerShell\Modules\Altazion.Shell"
"959","AmazonAthenaCmdlets","C:\Program Files\WindowsPowerShell\Modules\AmazonAthenaCmdlets"
"960","AmazonDynamoDBCmdlets","C:\Program Files\WindowsPowerShell\Modules\AmazonDynamoDBCmdlets"
"961","AmazonMarketplaceCmdlets","C:\Program Files\WindowsPowerShell\Modules\AmazonMarketplaceCmdlets"
"962","AmazonS3Cmdlets","C:\Program Files\WindowsPowerShell\Modules\AmazonS3Cmdlets"
"963","AsBuiltReport.Microsoft.Azure","C:\Program Files\WindowsPowerShell\Modules\AsBuiltReport.Microsoft.Azure"
"964","Avanade.ArmTools","C:\Program Files\WindowsPowerShell\Modules\Avanade.ArmTools"
"965","Avanade.Azure.Models","C:\Program Files\WindowsPowerShell\Modules\Avanade.Azure.Models"
"966","Avanade.AzureAD","C:\Program Files\WindowsPowerShell\Modules\Avanade.AzureAD"
"967","Avanade.AzureAD.Graph","C:\Program Files\WindowsPowerShell\Modules\Avanade.AzureAD.Graph"
"968","Avanade.AzureReports","C:\Program Files\WindowsPowerShell\Modules\Avanade.AzureReports"
"969","Avanade.AzureStorage","C:\Program Files\WindowsPowerShell\Modules\Avanade.AzureStorage"
"970","Avanade.AzureVault","C:\Program Files\WindowsPowerShell\Modules\Avanade.AzureVault"
"971","AWS.Tools.Common","C:\Program Files\WindowsPowerShell\Modules\AWS.Tools.Common"
"972","AWS.Tools.DataZone","C:\Program Files\WindowsPowerShell\Modules\AWS.Tools.DataZone"
"973","AWS.Tools.EC2","C:\Program Files\WindowsPowerShell\Modules\AWS.Tools.EC2"
"974","AWS.Tools.Mgn","C:\Program Files\WindowsPowerShell\Modules\AWS.Tools.Mgn"
"975","AxAzureBlueprint","C:\Program Files\WindowsPowerShell\Modules\AxAzureBlueprint"
"976","Az","C:\Program Files\WindowsPowerShell\Modules\Az"
"977","Az.Accounts","C:\Program Files\WindowsPowerShell\Modules\Az.Accounts"
"978","Az.ActivityLogAlert","C:\Program Files\WindowsPowerShell\Modules\Az.ActivityLogAlert"
"979","Az.ADDomainServices","C:\Program Files\WindowsPowerShell\Modules\Az.ADDomainServices"
"980","Az.Adm","C:\Program Files\WindowsPowerShell\Modules\Az.Adm"
"981","Az.Advisor","C:\Program Files\WindowsPowerShell\Modules\Az.Advisor"
"982","Az.Aks","C:\Program Files\WindowsPowerShell\Modules\Az.Aks"
"983","Az.AksArc","C:\Program Files\WindowsPowerShell\Modules\Az.AksArc"
"984","Az.Alb","C:\Program Files\WindowsPowerShell\Modules\Az.Alb"
"985","Az.AlertsManagement","C:\Program Files\WindowsPowerShell\Modules\Az.AlertsManagement"
"986","Az.AnalysisServices","C:\Program Files\WindowsPowerShell\Modules\Az.AnalysisServices"
"987","Az.ApiManagement","C:\Program Files\WindowsPowerShell\Modules\Az.ApiManagement"
"988","Az.App","C:\Program Files\WindowsPowerShell\Modules\Az.App"
"989","Az.AppComplianceAutomation","C:\Program Files\WindowsPowerShell\Modules\Az.AppComplianceAutomation"
"990","Az.AppConfiguration","C:\Program Files\WindowsPowerShell\Modules\Az.AppConfiguration"
"991","Az.ApplicationInsights","C:\Program Files\WindowsPowerShell\Modules\Az.ApplicationInsights"
"992","Az.ArcResourceBridge","C:\Program Files\WindowsPowerShell\Modules\Az.ArcResourceBridge"
"993","Az.Astro","C:\Program Files\WindowsPowerShell\Modules\Az.Astro"
"994","Az.Attestation","C:\Program Files\WindowsPowerShell\Modules\Az.Attestation"
"995","Az.Automanage","C:\Program Files\WindowsPowerShell\Modules\Az.Automanage"
"996","Az.Automation","C:\Program Files\WindowsPowerShell\Modules\Az.Automation"
"997","Az.Avd","C:\Program Files\WindowsPowerShell\Modules\Az.Avd"
"998","Az.BareMetal","C:\Program Files\WindowsPowerShell\Modules\Az.BareMetal"
"999","Az.Batch","C:\Program Files\WindowsPowerShell\Modules\Az.Batch"
"1000","Az.Billing","C:\Program Files\WindowsPowerShell\Modules\Az.Billing"
"1001","Az.BillingBenefits","C:\Program Files\WindowsPowerShell\Modules\Az.BillingBenefits"
"1002","Az.Blueprint","C:\Program Files\WindowsPowerShell\Modules\Az.Blueprint"
"1003","Az.BootStrapper","C:\Program Files\WindowsPowerShell\Modules\Az.BootStrapper"
"1004","Az.BotService","C:\Program Files\WindowsPowerShell\Modules\Az.BotService"
"1005","Az.Cdn","C:\Program Files\WindowsPowerShell\Modules\Az.Cdn"
"1006","Az.ChangeAnalysis","C:\Program Files\WindowsPowerShell\Modules\Az.ChangeAnalysis"
"1007","Az.Chaos","C:\Program Files\WindowsPowerShell\Modules\Az.Chaos"
"1008","Az.CloneVirtualMachine","C:\Program Files\WindowsPowerShell\Modules\Az.CloneVirtualMachine"
"1009","Az.CloudService","C:\Program Files\WindowsPowerShell\Modules\Az.CloudService"
"1010","Az.CodeSigning","C:\Program Files\WindowsPowerShell\Modules\Az.CodeSigning"
"1011","Az.CognitiveServices","C:\Program Files\WindowsPowerShell\Modules\Az.CognitiveServices"
"1012","Az.Communication","C:\Program Files\WindowsPowerShell\Modules\Az.Communication"
"1013","Az.Compute","C:\Program Files\WindowsPowerShell\Modules\Az.Compute"
"1014","Az.ConfidentialLedger","C:\Program Files\WindowsPowerShell\Modules\Az.ConfidentialLedger"
"1015","Az.Confluent","C:\Program Files\WindowsPowerShell\Modules\Az.Confluent"
"1016","Az.ConnectedKubernetes","C:\Program Files\WindowsPowerShell\Modules\Az.ConnectedKubernetes"
"1017","Az.ConnectedMachine","C:\Program Files\WindowsPowerShell\Modules\Az.ConnectedMachine"
"1018","Az.ConnectedNetwork","C:\Program Files\WindowsPowerShell\Modules\Az.ConnectedNetwork"
"1019","Az.ConnectedVMware","C:\Program Files\WindowsPowerShell\Modules\Az.ConnectedVMware"
"1020","Az.ContainerInstance","C:\Program Files\WindowsPowerShell\Modules\Az.ContainerInstance"
"1021","Az.ContainerRegistry","C:\Program Files\WindowsPowerShell\Modules\Az.ContainerRegistry"
"1022","Az.CosmosDB","C:\Program Files\WindowsPowerShell\Modules\Az.CosmosDB"
"1023","Az.CostManagement","C:\Program Files\WindowsPowerShell\Modules\Az.CostManagement"
"1024","Az.CustomLocation","C:\Program Files\WindowsPowerShell\Modules\Az.CustomLocation"
"1025","Az.CustomProviders","C:\Program Files\WindowsPowerShell\Modules\Az.CustomProviders"
"1026","Az.Dashboard","C:\Program Files\WindowsPowerShell\Modules\Az.Dashboard"
"1027","Az.DataBox","C:\Program Files\WindowsPowerShell\Modules\Az.DataBox"
"1028","Az.DataBoxEdge","C:\Program Files\WindowsPowerShell\Modules\Az.DataBoxEdge"
"1029","Az.Databricks","C:\Program Files\WindowsPowerShell\Modules\Az.Databricks"
"1030","Az.Datadog","C:\Program Files\WindowsPowerShell\Modules\Az.Datadog"
"1031","Az.DataFactory","C:\Program Files\WindowsPowerShell\Modules\Az.DataFactory"
"1032","Az.DataLakeAnalytics","C:\Program Files\WindowsPowerShell\Modules\Az.DataLakeAnalytics"
"1033","Az.DataLakeStore","C:\Program Files\WindowsPowerShell\Modules\Az.DataLakeStore"
"1034","Az.DataMigration","C:\Program Files\WindowsPowerShell\Modules\Az.DataMigration"
"1035","Az.DataProtection","C:\Program Files\WindowsPowerShell\Modules\Az.DataProtection"
"1036","Az.DataShare","C:\Program Files\WindowsPowerShell\Modules\Az.DataShare"
"1037","Az.DedicatedHsm","C:\Program Files\WindowsPowerShell\Modules\Az.DedicatedHsm"
"1038","Az.DesktopVirtualization","C:\Program Files\WindowsPowerShell\Modules\Az.DesktopVirtualization"
"1039","Az.DesktopVirtualization.Utility","C:\Program Files\WindowsPowerShell\Modules\Az.DesktopVirtualization.Utility"
"1040","Az.DevCenter","C:\Program Files\WindowsPowerShell\Modules\Az.DevCenter"
"1041","Az.DeviceProvisioningServices","C:\Program Files\WindowsPowerShell\Modules\Az.DeviceProvisioningServices"
"1042","Az.DeviceUpdate","C:\Program Files\WindowsPowerShell\Modules\Az.DeviceUpdate"
"1043","Az.DevOps.Blueprint","C:\Program Files\WindowsPowerShell\Modules\Az.DevOps.Blueprint"
"1044","Az.DevTestLabs","C:\Program Files\WindowsPowerShell\Modules\Az.DevTestLabs"
"1045","Az.DigitalTwins","C:\Program Files\WindowsPowerShell\Modules\Az.DigitalTwins"
"1046","Az.DiskPool","C:\Program Files\WindowsPowerShell\Modules\Az.DiskPool"
"1047","Az.Dns","C:\Program Files\WindowsPowerShell\Modules\Az.Dns"
"1048","Az.DnsResolver","C:\Program Files\WindowsPowerShell\Modules\Az.DnsResolver"
"1049","Az.Do","C:\Program Files\WindowsPowerShell\Modules\Az.Do"
"1050","Az.DynatraceObservability","C:\Program Files\WindowsPowerShell\Modules\Az.DynatraceObservability"
"1051","Az.EdgeOrder","C:\Program Files\WindowsPowerShell\Modules\Az.EdgeOrder"
"1052","Az.EdgeZones","C:\Program Files\WindowsPowerShell\Modules\Az.EdgeZones"
"1053","Az.Elastic","C:\Program Files\WindowsPowerShell\Modules\Az.Elastic"
"1054","Az.ElasticSan","C:\Program Files\WindowsPowerShell\Modules\Az.ElasticSan"
"1055","Az.EventGrid","C:\Program Files\WindowsPowerShell\Modules\Az.EventGrid"
"1056","Az.EventHub","C:\Program Files\WindowsPowerShell\Modules\Az.EventHub"
"1057","Az.Extensions.DynamicDeployment","C:\Program Files\WindowsPowerShell\Modules\Az.Extensions.DynamicDeployment"
"1058","Az.FirmwareAnalysis","C:\Program Files\WindowsPowerShell\Modules\Az.FirmwareAnalysis"
"1059","Az.Fleet","C:\Program Files\WindowsPowerShell\Modules\Az.Fleet"
"1060","Az.FluidRelay","C:\Program Files\WindowsPowerShell\Modules\Az.FluidRelay"
"1061","Az.FrontDoor","C:\Program Files\WindowsPowerShell\Modules\Az.FrontDoor"
"1062","Az.Functions","C:\Program Files\WindowsPowerShell\Modules\Az.Functions"
"1063","Az.GraphServices","C:\Program Files\WindowsPowerShell\Modules\Az.GraphServices"
"1064","Az.GuestConfiguration","C:\Program Files\WindowsPowerShell\Modules\Az.GuestConfiguration"
"1065","Az.HanaOnAzure","C:\Program Files\WindowsPowerShell\Modules\Az.HanaOnAzure"
"1066","Az.HDInsight","C:\Program Files\WindowsPowerShell\Modules\Az.HDInsight"
"1067","Az.HdInsightOnAks","C:\Program Files\WindowsPowerShell\Modules\Az.HdInsightOnAks"
"1068","Az.HealthBot","C:\Program Files\WindowsPowerShell\Modules\Az.HealthBot"
"1069","Az.HealthcareApis","C:\Program Files\WindowsPowerShell\Modules\Az.HealthcareApis"
"1070","Az.HPCCache","C:\Program Files\WindowsPowerShell\Modules\Az.HPCCache"
"1071","Az.ImageBuilder","C:\Program Files\WindowsPowerShell\Modules\Az.ImageBuilder"
"1072","Az.ImageBuilder.Tools","C:\Program Files\WindowsPowerShell\Modules\Az.ImageBuilder.Tools"
"1073","Az.ImportExport","C:\Program Files\WindowsPowerShell\Modules\Az.ImportExport"
"1074","Az.Informatica","C:\Program Files\WindowsPowerShell\Modules\Az.Informatica"
"1075","Az.InfrastructureTesting","C:\Program Files\WindowsPowerShell\Modules\Az.InfrastructureTesting"
"1076","Az.IotCentral","C:\Program Files\WindowsPowerShell\Modules\Az.IotCentral"
"1077","Az.IotHub","C:\Program Files\WindowsPowerShell\Modules\Az.IotHub"
"1078","Az.KeyVault","C:\Program Files\WindowsPowerShell\Modules\Az.KeyVault"
"1079","Az.KubernetesConfiguration","C:\Program Files\WindowsPowerShell\Modules\Az.KubernetesConfiguration"
"1080","Az.Kusto","C:\Program Files\WindowsPowerShell\Modules\Az.Kusto"
"1081","Az.LabServices","C:\Program Files\WindowsPowerShell\Modules\Az.LabServices"
"1082","Az.LoadTesting","C:\Program Files\WindowsPowerShell\Modules\Az.LoadTesting"
"1083","Az.LogicApp","C:\Program Files\WindowsPowerShell\Modules\Az.LogicApp"
"1084","Az.Logz","C:\Program Files\WindowsPowerShell\Modules\Az.Logz"
"1085","Az.MachineLearning","C:\Program Files\WindowsPowerShell\Modules\Az.MachineLearning"
"1086","Az.MachineLearningServices","C:\Program Files\WindowsPowerShell\Modules\Az.MachineLearningServices"
"1087","Az.Maintenance","C:\Program Files\WindowsPowerShell\Modules\Az.Maintenance"
"1088","Az.ManagedNetworkFabric","C:\Program Files\WindowsPowerShell\Modules\Az.ManagedNetworkFabric"
"1089","Az.ManagedServiceIdentity","C:\Program Files\WindowsPowerShell\Modules\Az.ManagedServiceIdentity"
"1090","Az.ManagedServices","C:\Program Files\WindowsPowerShell\Modules\Az.ManagedServices"
"1091","Az.ManagementPartner","C:\Program Files\WindowsPowerShell\Modules\Az.ManagementPartner"
"1092","Az.Maps","C:\Program Files\WindowsPowerShell\Modules\Az.Maps"
"1093","Az.MariaDb","C:\Program Files\WindowsPowerShell\Modules\Az.MariaDb"
"1094","Az.Marketplace","C:\Program Files\WindowsPowerShell\Modules\Az.Marketplace"
"1095","Az.MarketplaceOrdering","C:\Program Files\WindowsPowerShell\Modules\Az.MarketplaceOrdering"
"1096","Az.Media","C:\Program Files\WindowsPowerShell\Modules\Az.Media"
"1097","Az.Migrate","C:\Program Files\WindowsPowerShell\Modules\Az.Migrate"
"1098","Az.MixedReality","C:\Program Files\WindowsPowerShell\Modules\Az.MixedReality"
"1099","Az.MobileNetwork","C:\Program Files\WindowsPowerShell\Modules\Az.MobileNetwork"
"1100","Az.Monitor","C:\Program Files\WindowsPowerShell\Modules\Az.Monitor"
"1101","Az.MonitoringSolutions","C:\Program Files\WindowsPowerShell\Modules\Az.MonitoringSolutions"
"1102","Az.MsiGraphPermissions","C:\Program Files\WindowsPowerShell\Modules\Az.MsiGraphPermissions"
"1103","Az.MySql","C:\Program Files\WindowsPowerShell\Modules\Az.MySql"
"1104","Az.NetAppFiles","C:\Program Files\WindowsPowerShell\Modules\Az.NetAppFiles"
"1105","Az.Network","C:\Program Files\WindowsPowerShell\Modules\Az.Network"
"1106","Az.NetworkAnalytics","C:\Program Files\WindowsPowerShell\Modules\Az.NetworkAnalytics"
"1107","Az.NetworkCloud","C:\Program Files\WindowsPowerShell\Modules\Az.NetworkCloud"
"1108","Az.NetworkFunction","C:\Program Files\WindowsPowerShell\Modules\Az.NetworkFunction"
"1109","Az.NewRelic","C:\Program Files\WindowsPowerShell\Modules\Az.NewRelic"
"1110","Az.Nginx","C:\Program Files\WindowsPowerShell\Modules\Az.Nginx"
"1111","Az.NotificationHubs","C:\Program Files\WindowsPowerShell\Modules\Az.NotificationHubs"
"1112","Az.OperationalInsights","C:\Program Files\WindowsPowerShell\Modules\Az.OperationalInsights"
"1113","Az.Oracle","C:\Program Files\WindowsPowerShell\Modules\Az.Oracle"
"1114","Az.Orbital","C:\Program Files\WindowsPowerShell\Modules\Az.Orbital"
"1115","Az.PaloAltoNetworks","C:\Program Files\WindowsPowerShell\Modules\Az.PaloAltoNetworks"
"1116","Az.Peering","C:\Program Files\WindowsPowerShell\Modules\Az.Peering"
"1117","Az.PolicyInsights","C:\Program Files\WindowsPowerShell\Modules\Az.PolicyInsights"
"1118","Az.Portal","C:\Program Files\WindowsPowerShell\Modules\Az.Portal"
"1119","Az.PostgreSql","C:\Program Files\WindowsPowerShell\Modules\Az.PostgreSql"
"1120","Az.PowerBIEmbedded","C:\Program Files\WindowsPowerShell\Modules\Az.PowerBIEmbedded"
"1121","Az.PrivateDns","C:\Program Files\WindowsPowerShell\Modules\Az.PrivateDns"
"1122","Az.ProviderHub","C:\Program Files\WindowsPowerShell\Modules\Az.ProviderHub"
"1123","Az.Purview","C:\Program Files\WindowsPowerShell\Modules\Az.Purview"
"1124","Az.Quantum","C:\Program Files\WindowsPowerShell\Modules\Az.Quantum"
"1125","Az.Qumulo","C:\Program Files\WindowsPowerShell\Modules\Az.Qumulo"
"1126","Az.Quota","C:\Program Files\WindowsPowerShell\Modules\Az.Quota"
"1127","Az.RecoveryServices","C:\Program Files\WindowsPowerShell\Modules\Az.RecoveryServices"
"1128","Az.RedisCache","C:\Program Files\WindowsPowerShell\Modules\Az.RedisCache"
"1129","Az.RedisEnterpriseCache","C:\Program Files\WindowsPowerShell\Modules\Az.RedisEnterpriseCache"
"1130","Az.Relay","C:\Program Files\WindowsPowerShell\Modules\Az.Relay"
"1131","Az.Reservations","C:\Program Files\WindowsPowerShell\Modules\Az.Reservations"
"1132","Az.ResourceGraph","C:\Program Files\WindowsPowerShell\Modules\Az.ResourceGraph"
"1133","Az.ResourceMover","C:\Program Files\WindowsPowerShell\Modules\Az.ResourceMover"
"1134","Az.Resources","C:\Program Files\WindowsPowerShell\Modules\Az.Resources"
"1135","Az.RuntimeEnvironment","C:\Program Files\WindowsPowerShell\Modules\Az.RuntimeEnvironment"
"1136","Az.Search","C:\Program Files\WindowsPowerShell\Modules\Az.Search"
"1137","Az.Security","C:\Program Files\WindowsPowerShell\Modules\Az.Security"
"1138","Az.SecurityInsights","C:\Program Files\WindowsPowerShell\Modules\Az.SecurityInsights"
"1139","Az.SelfHelp","C:\Program Files\WindowsPowerShell\Modules\Az.SelfHelp"
"1140","Az.ServiceBus","C:\Program Files\WindowsPowerShell\Modules\Az.ServiceBus"
"1141","Az.ServiceFabric","C:\Program Files\WindowsPowerShell\Modules\Az.ServiceFabric"
"1142","Az.ServiceLinker","C:\Program Files\WindowsPowerShell\Modules\Az.ServiceLinker"
"1143","Az.SignalR","C:\Program Files\WindowsPowerShell\Modules\Az.SignalR"
"1144","Az.Sphere","C:\Program Files\WindowsPowerShell\Modules\Az.Sphere"
"1145","Az.SpringCloud","C:\Program Files\WindowsPowerShell\Modules\Az.SpringCloud"
"1146","Az.Sql","C:\Program Files\WindowsPowerShell\Modules\Az.Sql"
"1147","Az.SqlVirtualMachine","C:\Program Files\WindowsPowerShell\Modules\Az.SqlVirtualMachine"
"1148","Az.Ssh","C:\Program Files\WindowsPowerShell\Modules\Az.Ssh"
"1149","Az.Ssh.ArcProxy","C:\Program Files\WindowsPowerShell\Modules\Az.Ssh.ArcProxy"
"1150","Az.StackHCI","C:\Program Files\WindowsPowerShell\Modules\Az.StackHCI"
"1151","Az.StackHCI.NetworkHUD","C:\Program Files\WindowsPowerShell\Modules\Az.StackHCI.NetworkHUD"
"1152","Az.StackHCIVM","C:\Program Files\WindowsPowerShell\Modules\Az.StackHCIVM"
"1153","Az.StandbyPool","C:\Program Files\WindowsPowerShell\Modules\Az.StandbyPool"
"1154","Az.Storage","C:\Program Files\WindowsPowerShell\Modules\Az.Storage"
"1155","Az.StorageAction","C:\Program Files\WindowsPowerShell\Modules\Az.StorageAction"
"1156","Az.StorageCache","C:\Program Files\WindowsPowerShell\Modules\Az.StorageCache"
"1157","Az.StorageMover","C:\Program Files\WindowsPowerShell\Modules\Az.StorageMover"
"1158","Az.StorageSync","C:\Program Files\WindowsPowerShell\Modules\Az.StorageSync"
"1159","Az.StorageTable","C:\Program Files\WindowsPowerShell\Modules\Az.StorageTable"
"1160","Az.StreamAnalytics","C:\Program Files\WindowsPowerShell\Modules\Az.StreamAnalytics"
"1161","Az.Subscription","C:\Program Files\WindowsPowerShell\Modules\Az.Subscription"
"1162","Az.Support","C:\Program Files\WindowsPowerShell\Modules\Az.Support"
"1163","Az.Synapse","C:\Program Files\WindowsPowerShell\Modules\Az.Synapse"
"1164","Az.TimeSeriesInsights","C:\Program Files\WindowsPowerShell\Modules\Az.TimeSeriesInsights"
"1165","Az.Tools.Installer","C:\Program Files\WindowsPowerShell\Modules\Az.Tools.Installer"
"1166","Az.Tools.Migration","C:\Program Files\WindowsPowerShell\Modules\Az.Tools.Migration"
"1167","Az.Tools.Predictor","C:\Program Files\WindowsPowerShell\Modules\Az.Tools.Predictor"
"1168","Az.TrafficManager","C:\Program Files\WindowsPowerShell\Modules\Az.TrafficManager"
"1169","Az.VMware","C:\Program Files\WindowsPowerShell\Modules\Az.VMware"
"1170","Az.VoiceServices","C:\Program Files\WindowsPowerShell\Modules\Az.VoiceServices"
"1171","Az.Websites","C:\Program Files\WindowsPowerShell\Modules\Az.Websites"
"1172","Az.WindowsIotServices","C:\Program Files\WindowsPowerShell\Modules\Az.WindowsIotServices"
"1173","Az.Workloads","C:\Program Files\WindowsPowerShell\Modules\Az.Workloads"
"1174","Az.Wvd","C:\Program Files\WindowsPowerShell\Modules\Az.Wvd"
"1175","AzADX","C:\Program Files\WindowsPowerShell\Modules\AzADX"
"1176","AzAiUtil","C:\Program Files\WindowsPowerShell\Modules\AzAiUtil"
"1177","AzAPICall","C:\Program Files\WindowsPowerShell\Modules\AzAPICall"
"1178","AzAPICallBeta","C:\Program Files\WindowsPowerShell\Modules\AzAPICallBeta"
"1179","AzAppConfig","C:\Program Files\WindowsPowerShell\Modules\AzAppConfig"
"1180","AzAppGatewayVisualizer","C:\Program Files\WindowsPowerShell\Modules\AzAppGatewayVisualizer"
"1181","AzAppGWCert","C:\Program Files\WindowsPowerShell\Modules\AzAppGWCert"
"1182","AzAppRegistrationExpiry","C:\Program Files\WindowsPowerShell\Modules\AzAppRegistrationExpiry"
"1183","AzAuth","C:\Program Files\WindowsPowerShell\Modules\AzAuth"
"1184","AzAutomationTools","C:\Program Files\WindowsPowerShell\Modules\AzAutomationTools"
"1185","AzAutoTools","C:\Program Files\WindowsPowerShell\Modules\AzAutoTools"
"1186","AZBlobBackup","C:\Program Files\WindowsPowerShell\Modules\AZBlobBackup"
"1187","AzBluePrint","C:\Program Files\WindowsPowerShell\Modules\AzBluePrint"
"1188","AzBobbyTables","C:\Program Files\WindowsPowerShell\Modules\AzBobbyTables"
"1189","AzClassicModule","C:\Program Files\WindowsPowerShell\Modules\AzClassicModule"
"1190","AzcmHelper","C:\Program Files\WindowsPowerShell\Modules\AzcmHelper"
"1191","AzCostOptimization","C:\Program Files\WindowsPowerShell\Modules\AzCostOptimization"
"1192","AzCostTools","C:\Program Files\WindowsPowerShell\Modules\AzCostTools"
"1193","AzDanglingDomain","C:\Program Files\WindowsPowerShell\Modules\AzDanglingDomain"
"1194","AzDataFactoryV2Activities","C:\Program Files\WindowsPowerShell\Modules\AzDataFactoryV2Activities"
"1195","AzDataFactoryV2DataflowDependencies","C:\Program Files\WindowsPowerShell\Modules\AzDataFactoryV2DataflowDependencies"
"1196","AzDataFactoryV2DatasetDependencies","C:\Program Files\WindowsPowerShell\Modules\AzDataFactoryV2DatasetDependencies"
"1197","AzDataFactoryV2IntegrationRuntimeDependencies","C:\Program Files\WindowsPowerShell\Modules\AzDataFactoryV2IntegrationRuntimeDependencies"
"1198","AzDataFactoryV2LinkedServiceDependencies","C:\Program Files\WindowsPowerShell\Modules\AzDataFactoryV2LinkedServiceDependencies"
"1199","AzDataFactoryV2PipelinesLastExecution","C:\Program Files\WindowsPowerShell\Modules\AzDataFactoryV2PipelinesLastExecution"
"1200","AzDataFactoryV2TriggerDependencies","C:\Program Files\WindowsPowerShell\Modules\AzDataFactoryV2TriggerDependencies"
"1201","AzDevOps","C:\Program Files\WindowsPowerShell\Modules\AzDevOps"
"1202","AzDnsAsCode","C:\Program Files\WindowsPowerShell\Modules\AzDnsAsCode"
"1203","AzDO","C:\Program Files\WindowsPowerShell\Modules\AzDO"
"1204","AzdoAPITools","C:\Program Files\WindowsPowerShell\Modules\AzdoAPITools"
"1205","AzDOCmd","C:\Program Files\WindowsPowerShell\Modules\AzDOCmd"
"1206","AzDOps","C:\Program Files\WindowsPowerShell\Modules\AzDOps"
"1207","AzDOTestResults","C:\Program Files\WindowsPowerShell\Modules\AzDOTestResults"
"1208","Azereo","C:\Program Files\WindowsPowerShell\Modules\Azereo"
"1209","AzExpression","C:\Program Files\WindowsPowerShell\Modules\AzExpression"
"1210","AzExtensions","C:\Program Files\WindowsPowerShell\Modules\AzExtensions"
"1211","AzFnUtil","C:\Program Files\WindowsPowerShell\Modules\AzFnUtil"
"1212","AZFW.NSG.LogViewer","C:\Program Files\WindowsPowerShell\Modules\AZFW.NSG.LogViewer"
"1213","AZKVManager","C:\Program Files\WindowsPowerShell\Modules\AZKVManager"
"1214","AzLogDcrIngestPS","C:\Program Files\WindowsPowerShell\Modules\AzLogDcrIngestPS"
"1215","AzMarketplace","C:\Program Files\WindowsPowerShell\Modules\AzMarketplace"
"1216","azmi","C:\Program Files\WindowsPowerShell\Modules\azmi"
"1217","AzOps","C:\Program Files\WindowsPowerShell\Modules\AzOps"
"1218","AzPipelineVariable","C:\Program Files\WindowsPowerShell\Modules\AzPipelineVariable"
"1219","AzPolicyEvaluation","C:\Program Files\WindowsPowerShell\Modules\AzPolicyEvaluation"
"1220","AzPolicyTest","C:\Program Files\WindowsPowerShell\Modules\AzPolicyTest"
"1221","AzPreview","C:\Program Files\WindowsPowerShell\Modules\AzPreview"
"1222","AzPseudoGUI","C:\Program Files\WindowsPowerShell\Modules\AzPseudoGUI"
"1223","AzReports","C:\Program Files\WindowsPowerShell\Modules\AzReports"
"1224","AzResourceGraphPS","C:\Program Files\WindowsPowerShell\Modules\AzResourceGraphPS"
"1225","Azs.Azurebridge.Admin","C:\Program Files\WindowsPowerShell\Modules\Azs.Azurebridge.Admin"
"1226","Azs.Backup.Admin","C:\Program Files\WindowsPowerShell\Modules\Azs.Backup.Admin"
"1227","Azs.Commerce.Admin","C:\Program Files\WindowsPowerShell\Modules\Azs.Commerce.Admin"
"1228","Azs.Compute.Admin","C:\Program Files\WindowsPowerShell\Modules\Azs.Compute.Admin"
"1229","Azs.ContainerRegistry.Admin","C:\Program Files\WindowsPowerShell\Modules\Azs.ContainerRegistry.Admin"
"1230","Azs.ContainerService.Admin","C:\Program Files\WindowsPowerShell\Modules\Azs.ContainerService.Admin"
"1231","Azs.Deployment.Admin","C:\Program Files\WindowsPowerShell\Modules\Azs.Deployment.Admin"
"1232","Azs.Deployment.Worksheet","C:\Program Files\WindowsPowerShell\Modules\Azs.Deployment.Worksheet"
"1233","Azs.Fabric.Admin","C:\Program Files\WindowsPowerShell\Modules\Azs.Fabric.Admin"
"1234","Azs.Gallery.Admin","C:\Program Files\WindowsPowerShell\Modules\Azs.Gallery.Admin"
"1235","Azs.Infrastructureinsights.Admin","C:\Program Files\WindowsPowerShell\Modules\Azs.Infrastructureinsights.Admin"
"1236","Azs.Keyvault.Admin","C:\Program Files\WindowsPowerShell\Modules\Azs.Keyvault.Admin"
"1237","Azs.Network.Admin","C:\Program Files\WindowsPowerShell\Modules\Azs.Network.Admin"
"1238","Azs.Storage.Admin","C:\Program Files\WindowsPowerShell\Modules\Azs.Storage.Admin"
"1239","Azs.Subscriptions","C:\Program Files\WindowsPowerShell\Modules\Azs.Subscriptions"
"1240","Azs.Subscriptions.Admin","C:\Program Files\WindowsPowerShell\Modules\Azs.Subscriptions.Admin"
"1241","Azs.Syndication.Admin","C:\Program Files\WindowsPowerShell\Modules\Azs.Syndication.Admin"
"1242","Azs.Tools.Admin","C:\Program Files\WindowsPowerShell\Modules\Azs.Tools.Admin"
"1243","Azs.Update.Admin","C:\Program Files\WindowsPowerShell\Modules\Azs.Update.Admin"
"1244","AZSBTools","C:\Program Files\WindowsPowerShell\Modules\AZSBTools"
"1245","AzsBuildUtilities","C:\Program Files\WindowsPowerShell\Modules\AzsBuildUtilities"
"1246","AzSCAP.PolicyInsights","C:\Program Files\WindowsPowerShell\Modules\AzSCAP.PolicyInsights"
"1247","AzSDK.ArmTemplateEvaluator.Pre","C:\Program Files\WindowsPowerShell\Modules\AzSDK.ArmTemplateEvaluator.Pre"
"1248","AzSentinel","C:\Program Files\WindowsPowerShell\Modules\AzSentinel"
"1249","AzSentinelTools","C:\Program Files\WindowsPowerShell\Modules\AzSentinelTools"
"1250","AzSK.AAD","C:\Program Files\WindowsPowerShell\Modules\AzSK.AAD"
"1251","AzSK.ADO","C:\Program Files\WindowsPowerShell\Modules\AzSK.ADO"
"1252","AzSK.AzureDevOps","C:\Program Files\WindowsPowerShell\Modules\AzSK.AzureDevOps"
"1253","AzSKPreview.ADO","C:\Program Files\WindowsPowerShell\Modules\AzSKPreview.ADO"
"1254","AzSKPreview.AzureDevOps","C:\Program Files\WindowsPowerShell\Modules\AzSKPreview.AzureDevOps"
"1255","AzSpeedOps","C:\Program Files\WindowsPowerShell\Modules\AzSpeedOps"
"1256","AzSpeedTest","C:\Program Files\WindowsPowerShell\Modules\AzSpeedTest"
"1257","AzSqlGateway","C:\Program Files\WindowsPowerShell\Modules\AzSqlGateway"
"1258","AzStackHci.EnvironmentChecker","C:\Program Files\WindowsPowerShell\Modules\AzStackHci.EnvironmentChecker"
"1259","AzStackHCI.VM","C:\Program Files\WindowsPowerShell\Modules\AzStackHCI.VM"
"1260","AzStorageTable.TravisEz13","C:\Program Files\WindowsPowerShell\Modules\AzStorageTable.TravisEz13"
"1261","AzSynapseActivities","C:\Program Files\WindowsPowerShell\Modules\AzSynapseActivities"
"1262","AzSynapseDataflowDependencies","C:\Program Files\WindowsPowerShell\Modules\AzSynapseDataflowDependencies"
"1263","AzSynapseDatasetDependencies","C:\Program Files\WindowsPowerShell\Modules\AzSynapseDatasetDependencies"
"1264","AzSynapseIntegrationRuntimeDependencies","C:\Program Files\WindowsPowerShell\Modules\AzSynapseIntegrationRuntimeDependencies"
"1265","AzSynapseLinkedServiceDependencies","C:\Program Files\WindowsPowerShell\Modules\AzSynapseLinkedServiceDependencies"
"1266","AzSynapsePipelineLastExecution","C:\Program Files\WindowsPowerShell\Modules\AzSynapsePipelineLastExecution"
"1267","AzSynapseTriggerDependencies","C:\Program Files\WindowsPowerShell\Modules\AzSynapseTriggerDependencies"
"1268","AzTable","C:\Program Files\WindowsPowerShell\Modules\AzTable"
"1269","aztexttospeech","C:\Program Files\WindowsPowerShell\Modules\aztexttospeech"
"1270","AzToolbox","C:\Program Files\WindowsPowerShell\Modules\AzToolbox"
"1271","aztools","C:\Program Files\WindowsPowerShell\Modules\aztools"
"1272","AzTS","C:\Program Files\WindowsPowerShell\Modules\AzTS"
"1273","Azure","C:\Program Files\WindowsPowerShell\Modules\Azure"
"1274","azure-ad-license-status","C:\Program Files\WindowsPowerShell\Modules\azure-ad-license-status"
"1275","azure-ad-recovery-manager","C:\Program Files\WindowsPowerShell\Modules\azure-ad-recovery-manager"
"1276","Azure-SecurityAsCode","C:\Program Files\WindowsPowerShell\Modules\Azure-SecurityAsCode"
"1277","Azure.AnalysisServices","C:\Program Files\WindowsPowerShell\Modules\Azure.AnalysisServices"
"1278","Azure.Arc.Jumpstart.Common","C:\Program Files\WindowsPowerShell\Modules\Azure.Arc.Jumpstart.Common"
"1279","azure.databricks.cicd.tools","C:\Program Files\WindowsPowerShell\Modules\azure.databricks.cicd.tools"
"1280","azure.datafactory.tools","C:\Program Files\WindowsPowerShell\Modules\azure.datafactory.tools"
"1281","Azure.DevOps","C:\Program Files\WindowsPowerShell\Modules\Azure.DevOps"
"1282","Azure.DevOps.Function.Collection","C:\Program Files\WindowsPowerShell\Modules\Azure.DevOps.Function.Collection"
"1283","Azure.EventHub","C:\Program Files\WindowsPowerShell\Modules\Azure.EventHub"
"1284","Azure.Function.Tools","C:\Program Files\WindowsPowerShell\Modules\Azure.Function.Tools"
"1285","Azure.Storage","C:\Program Files\WindowsPowerShell\Modules\Azure.Storage"
"1286","azure.synapse.tools","C:\Program Files\WindowsPowerShell\Modules\azure.synapse.tools"
"1287","Azure.ToolKit","C:\Program Files\WindowsPowerShell\Modules\Azure.ToolKit"
"1288","AzureAD","C:\Program Files\WindowsPowerShell\Modules\AzureAD"
"1289","AzureAD.Standard.Preview","C:\Program Files\WindowsPowerShell\Modules\AzureAD.Standard.Preview"
"1290","AzureADAssessment","C:\Program Files\WindowsPowerShell\Modules\AzureADAssessment"
"1291","AzureADAuthMethods","C:\Program Files\WindowsPowerShell\Modules\AzureADAuthMethods"
"1292","AzureADCmdlets","C:\Program Files\WindowsPowerShell\Modules\AzureADCmdlets"
"1293","AzureAdDeployer","C:\Program Files\WindowsPowerShell\Modules\AzureAdDeployer"
"1294","AzureADExporter","C:\Program Files\WindowsPowerShell\Modules\AzureADExporter"
"1295","AzureAdGovernanceAssessment","C:\Program Files\WindowsPowerShell\Modules\AzureAdGovernanceAssessment"
"1296","AzureADHybridAuthenticationManagement","C:\Program Files\WindowsPowerShell\Modules\AzureADHybridAuthenticationManagement"
"1297","AzureADKerberosTest","C:\Program Files\WindowsPowerShell\Modules\AzureADKerberosTest"
"1298","AzureADLicensing","C:\Program Files\WindowsPowerShell\Modules\AzureADLicensing"
"1299","AzureADPreview","C:\Program Files\WindowsPowerShell\Modules\AzureADPreview"
"1300","AzureADStuff","C:\Program Files\WindowsPowerShell\Modules\AzureADStuff"
"1301","AzureADTenantID","C:\Program Files\WindowsPowerShell\Modules\AzureADTenantID"
"1302","AzureADToolkit","C:\Program Files\WindowsPowerShell\Modules\AzureADToolkit"
"1303","AzureAndADValidation","C:\Program Files\WindowsPowerShell\Modules\AzureAndADValidation"
"1304","AzureAPICrawler","C:\Program Files\WindowsPowerShell\Modules\AzureAPICrawler"
"1305","AzureApiUtils","C:\Program Files\WindowsPowerShell\Modules\AzureApiUtils"
"1306","AzureApplicationStuff","C:\Program Files\WindowsPowerShell\Modules\AzureApplicationStuff"
"1307","AzureArcConnectedAgentManagement","C:\Program Files\WindowsPowerShell\Modules\AzureArcConnectedAgentManagement"
"1308","AzureArmTemplateHelper","C:\Program Files\WindowsPowerShell\Modules\AzureArmTemplateHelper"
"1309","AzureArtifactsPackageMigration","C:\Program Files\WindowsPowerShell\Modules\AzureArtifactsPackageMigration"
"1310","AzureArtifactsPowerShellModuleHelper","C:\Program Files\WindowsPowerShell\Modules\AzureArtifactsPowerShellModuleHelper"
"1311","AzureAssess","C:\Program Files\WindowsPowerShell\Modules\AzureAssess"
"1312","AzureAutomation","C:\Program Files\WindowsPowerShell\Modules\AzureAutomation"
"1313","AzureAutomationAuthoringToolkit","C:\Program Files\WindowsPowerShell\Modules\AzureAutomationAuthoringToolkit"
"1314","AzureAutomationDebug","C:\Program Files\WindowsPowerShell\Modules\AzureAutomationDebug"
"1315","AzureAutomationRunbookUtilities","C:\Program Files\WindowsPowerShell\Modules\AzureAutomationRunbookUtilities"
"1316","AzureAutomationTools.Logging","C:\Program Files\WindowsPowerShell\Modules\AzureAutomationTools.Logging"
"1317","AzureAutomationTools.PackageManagement","C:\Program Files\WindowsPowerShell\Modules\AzureAutomationTools.PackageManagement"
"1318","AzureAutomationVsoGitSync","C:\Program Files\WindowsPowerShell\Modules\AzureAutomationVsoGitSync"
"1319","AzureAvSetBasicPublicIPUpgrade","C:\Program Files\WindowsPowerShell\Modules\AzureAvSetBasicPublicIPUpgrade"
"1320","AzureBasicLoadBalancerUpgrade","C:\Program Files\WindowsPowerShell\Modules\AzureBasicLoadBalancerUpgrade"
"1321","AzureBicep","C:\Program Files\WindowsPowerShell\Modules\AzureBicep"
"1322","AzureBlobStorageProvider","C:\Program Files\WindowsPowerShell\Modules\AzureBlobStorageProvider"
"1323","AzureCli","C:\Program Files\WindowsPowerShell\Modules\AzureCli"
"1324","AzureCmdlets","C:\Program Files\WindowsPowerShell\Modules\AzureCmdlets"
"1325","AzureCodeSigning","C:\Program Files\WindowsPowerShell\Modules\AzureCodeSigning"
"1326","AzureCommonStuff","C:\Program Files\WindowsPowerShell\Modules\AzureCommonStuff"
"1327","AzureConnectionAssistant","C:\Program Files\WindowsPowerShell\Modules\AzureConnectionAssistant"
"1328","AzureDataCatalogCmdlets","C:\Program Files\WindowsPowerShell\Modules\AzureDataCatalogCmdlets"
"1329","AzureDatacenterIPOrNo","C:\Program Files\WindowsPowerShell\Modules\AzureDatacenterIPOrNo"
"1330","AzureDataLakeManagement","C:\Program Files\WindowsPowerShell\Modules\AzureDataLakeManagement"
"1331","AzureDataLakeUtils","C:\Program Files\WindowsPowerShell\Modules\AzureDataLakeUtils"
"1332","AzureDataManagementCmdlets","C:\Program Files\WindowsPowerShell\Modules\AzureDataManagementCmdlets"
"1333","AzureDeviceStuff","C:\Program Files\WindowsPowerShell\Modules\AzureDeviceStuff"
"1334","AzureDevOps","C:\Program Files\WindowsPowerShell\Modules\AzureDevOps"
"1335","AzureDevOps.Services.OpenApi","C:\Program Files\WindowsPowerShell\Modules\AzureDevOps.Services.OpenApi"
"1336","AzureDevOpsAPIUtils","C:\Program Files\WindowsPowerShell\Modules\AzureDevOpsAPIUtils"
"1337","AzureDevOpsBoardHelper","C:\Program Files\WindowsPowerShell\Modules\AzureDevOpsBoardHelper"
"1338","AzureDevOpsCmdlets","C:\Program Files\WindowsPowerShell\Modules\AzureDevOpsCmdlets"
"1339","AzureDevopsDataCollector","C:\Program Files\WindowsPowerShell\Modules\AzureDevopsDataCollector"
"1340","AzureDevOpsHelpers","C:\Program Files\WindowsPowerShell\Modules\AzureDevOpsHelpers"
"1341","AzureDevOpsHousekeeping","C:\Program Files\WindowsPowerShell\Modules\AzureDevOpsHousekeeping"
"1342","AzureDevOpsLogging","C:\Program Files\WindowsPowerShell\Modules\AzureDevOpsLogging"
"1343","AzureDevOpsMgmt","C:\Program Files\WindowsPowerShell\Modules\AzureDevOpsMgmt"
"1344","AzureDevOpsPowerShell","C:\Program Files\WindowsPowerShell\Modules\AzureDevOpsPowerShell"
"1345","AzureDevOpsPS","C:\Program Files\WindowsPowerShell\Modules\AzureDevOpsPS"
"1346","AzureDevopsSnapshotBranchPolicies","C:\Program Files\WindowsPowerShell\Modules\AzureDevopsSnapshotBranchPolicies"
"1347","AzureDiagnosticsAndLogAnalytics","C:\Program Files\WindowsPowerShell\Modules\AzureDiagnosticsAndLogAnalytics"
"1348","AzureExt","C:\Program Files\WindowsPowerShell\Modules\AzureExt"
"1349","AzureExtensions","C:\Program Files\WindowsPowerShell\Modules\AzureExtensions"
"1350","AzureFileSyncDsc","C:\Program Files\WindowsPowerShell\Modules\AzureFileSyncDsc"
"1351","AzureFunctionConfiguration","C:\Program Files\WindowsPowerShell\Modules\AzureFunctionConfiguration"
"1352","AzureFunctions.PowerShell.Durable.SDK","C:\Program Files\WindowsPowerShell\Modules\AzureFunctions.PowerShell.Durable.SDK"
"1353","AzureFunctions.PowerShell.OpenTelemetry.SDK","C:\Program Files\WindowsPowerShell\Modules\AzureFunctions.PowerShell.OpenTelemetry.SDK"
"1354","AzureFunctions.PowerShell.SDK","C:\Program Files\WindowsPowerShell\Modules\AzureFunctions.PowerShell.SDK"
"1355","AzureFwGitOps","C:\Program Files\WindowsPowerShell\Modules\AzureFwGitOps"
"1356","AzureGeneralHelpers","C:\Program Files\WindowsPowerShell\Modules\AzureGeneralHelpers"
"1357","AzureGraphApiHelper","C:\Program Files\WindowsPowerShell\Modules\AzureGraphApiHelper"
"1358","AzureGraphCmdlets","C:\Program Files\WindowsPowerShell\Modules\AzureGraphCmdlets"
"1359","AzureGroupStuff","C:\Program Files\WindowsPowerShell\Modules\AzureGroupStuff"
"1360","AzureHelper","C:\Program Files\WindowsPowerShell\Modules\AzureHelper"
"1361","AzureHelpers","C:\Program Files\WindowsPowerShell\Modules\AzureHelpers"
"1362","AzureHunter","C:\Program Files\WindowsPowerShell\Modules\AzureHunter"
"1363","AzureIoT","C:\Program Files\WindowsPowerShell\Modules\AzureIoT"
"1364","AzureKeyVaultHelper","C:\Program Files\WindowsPowerShell\Modules\AzureKeyVaultHelper"
"1365","AzureKeyVaultPasswordRepo","C:\Program Files\WindowsPowerShell\Modules\AzureKeyVaultPasswordRepo"
"1366","AzureKQLPowerShellExtractor","C:\Program Files\WindowsPowerShell\Modules\AzureKQLPowerShellExtractor"
"1367","AzureLoadBalancerNATPoolMigration","C:\Program Files\WindowsPowerShell\Modules\AzureLoadBalancerNATPoolMigration"
"1368","AzureM365GroupManagement","C:\Program Files\WindowsPowerShell\Modules\AzureM365GroupManagement"
"1369","AzureML","C:\Program Files\WindowsPowerShell\Modules\AzureML"
"1370","AzureOtherStuff","C:\Program Files\WindowsPowerShell\Modules\AzureOtherStuff"
"1371","AzurePasswordManager","C:\Program Files\WindowsPowerShell\Modules\AzurePasswordManager"
"1372","AzurePIM","C:\Program Files\WindowsPowerShell\Modules\AzurePIM"
"1373","AzurePipelinesPS","C:\Program Files\WindowsPowerShell\Modules\AzurePipelinesPS"
"1374","AzurePowerShellUtilityFunctions","C:\Program Files\WindowsPowerShell\Modules\AzurePowerShellUtilityFunctions"
"1375","AzureProfile","C:\Program Files\WindowsPowerShell\Modules\AzureProfile"
"1376","AzurePSDrive","C:\Program Files\WindowsPowerShell\Modules\AzurePSDrive"
"1377","AzurePublicIPAddresses","C:\Program Files\WindowsPowerShell\Modules\AzurePublicIPAddresses"
"1378","AzureResourceData","C:\Program Files\WindowsPowerShell\Modules\AzureResourceData"
"1379","AzureResourceInventory","C:\Program Files\WindowsPowerShell\Modules\AzureResourceInventory"
"1380","AzureResourceManagementCmdlets","C:\Program Files\WindowsPowerShell\Modules\AzureResourceManagementCmdlets"
"1381","AzureResourceSecurity","C:\Program Files\WindowsPowerShell\Modules\AzureResourceSecurity"
"1382","AzureResourceStuff","C:\Program Files\WindowsPowerShell\Modules\AzureResourceStuff"
"1383","AzureRestApiHelper","C:\Program Files\WindowsPowerShell\Modules\AzureRestApiHelper"
"1384","AzureRestHelper","C:\Program Files\WindowsPowerShell\Modules\AzureRestHelper"
"1385","AzureRM","C:\Program Files\WindowsPowerShell\Modules\AzureRM"
"1386","azurerm-helpers","C:\Program Files\WindowsPowerShell\Modules\azurerm-helpers"
"1387","AzureRM.AnalysisServices","C:\Program Files\WindowsPowerShell\Modules\AzureRM.AnalysisServices"
"1388","AzureRM.ApiManagement","C:\Program Files\WindowsPowerShell\Modules\AzureRM.ApiManagement"
"1389","AzureRM.ApplicationInsights","C:\Program Files\WindowsPowerShell\Modules\AzureRM.ApplicationInsights"
"1390","AzureRM.Automation","C:\Program Files\WindowsPowerShell\Modules\AzureRM.Automation"
"1391","AzureRm.AvailabilitySetManagement","C:\Program Files\WindowsPowerShell\Modules\AzureRm.AvailabilitySetManagement"
"1392","AzureRM.Backup","C:\Program Files\WindowsPowerShell\Modules\AzureRM.Backup"
"1393","AzureRM.Batch","C:\Program Files\WindowsPowerShell\Modules\AzureRM.Batch"
"1394","AzureRM.Billing","C:\Program Files\WindowsPowerShell\Modules\AzureRM.Billing"
"1395","AzureRM.BootStrapper","C:\Program Files\WindowsPowerShell\Modules\AzureRM.BootStrapper"
"1396","AzureRM.Cdn","C:\Program Files\WindowsPowerShell\Modules\AzureRM.Cdn"
"1397","AzureRM.CognitiveServices","C:\Program Files\WindowsPowerShell\Modules\AzureRM.CognitiveServices"
"1398","AzureRM.Compute","C:\Program Files\WindowsPowerShell\Modules\AzureRM.Compute"
"1399","AzureRM.Consumption","C:\Program Files\WindowsPowerShell\Modules\AzureRM.Consumption"
"1400","AzureRM.ContainerInstance","C:\Program Files\WindowsPowerShell\Modules\AzureRM.ContainerInstance"
"1401","AzureRM.ContainerRegistry","C:\Program Files\WindowsPowerShell\Modules\AzureRM.ContainerRegistry"
"1402","AzureRM.DataFactories","C:\Program Files\WindowsPowerShell\Modules\AzureRM.DataFactories"
"1403","AzureRM.DataFactoryV2","C:\Program Files\WindowsPowerShell\Modules\AzureRM.DataFactoryV2"
"1404","AzureRM.DataLakeAnalytics","C:\Program Files\WindowsPowerShell\Modules\AzureRM.DataLakeAnalytics"
"1405","AzureRM.DataLakeStore","C:\Program Files\WindowsPowerShell\Modules\AzureRM.DataLakeStore"
"1406","AzureRM.DataMigration","C:\Program Files\WindowsPowerShell\Modules\AzureRM.DataMigration"
"1407","AzureRM.DevTestLabs","C:\Program Files\WindowsPowerShell\Modules\AzureRM.DevTestLabs"
"1408","AzureRM.Dns","C:\Program Files\WindowsPowerShell\Modules\AzureRM.Dns"
"1409","AzureRM.EventGrid","C:\Program Files\WindowsPowerShell\Modules\AzureRM.EventGrid"
"1410","AzureRM.EventHub","C:\Program Files\WindowsPowerShell\Modules\AzureRM.EventHub"
"1411","AzureRM.FrontDoor","C:\Program Files\WindowsPowerShell\Modules\AzureRM.FrontDoor"
"1412","AzureRM.HDInsight","C:\Program Files\WindowsPowerShell\Modules\AzureRM.HDInsight"
"1413","AzureRM.Insights","C:\Program Files\WindowsPowerShell\Modules\AzureRM.Insights"
"1414","AzureRM.IotHub","C:\Program Files\WindowsPowerShell\Modules\AzureRM.IotHub"
"1415","AzureRM.KeyVault","C:\Program Files\WindowsPowerShell\Modules\AzureRM.KeyVault"
"1416","AzureRM.LogicApp","C:\Program Files\WindowsPowerShell\Modules\AzureRM.LogicApp"
"1417","AzureRM.MachineLearning","C:\Program Files\WindowsPowerShell\Modules\AzureRM.MachineLearning"
"1418","AzureRM.MachineLearningCompute","C:\Program Files\WindowsPowerShell\Modules\AzureRM.MachineLearningCompute"
"1419","AzureRM.ManagementPartner","C:\Program Files\WindowsPowerShell\Modules\AzureRM.ManagementPartner"
"1420","AzureRM.Maps","C:\Program Files\WindowsPowerShell\Modules\AzureRM.Maps"
"1421","AzureRM.MarketplaceOrdering","C:\Program Files\WindowsPowerShell\Modules\AzureRM.MarketplaceOrdering"
"1422","AzureRM.Media","C:\Program Files\WindowsPowerShell\Modules\AzureRM.Media"
"1423","AzureRM.Netcore","C:\Program Files\WindowsPowerShell\Modules\AzureRM.Netcore"
"1424","AzureRM.Network","C:\Program Files\WindowsPowerShell\Modules\AzureRM.Network"
"1425","AzureRM.NotificationHubs","C:\Program Files\WindowsPowerShell\Modules\AzureRM.NotificationHubs"
"1426","AzureRM.OperationalInsights","C:\Program Files\WindowsPowerShell\Modules\AzureRM.OperationalInsights"
"1427","AzureRM.PolicyInsights","C:\Program Files\WindowsPowerShell\Modules\AzureRM.PolicyInsights"
"1428","AzureRM.PowerBIEmbedded","C:\Program Files\WindowsPowerShell\Modules\AzureRM.PowerBIEmbedded"
"1429","AzureRM.profile","C:\Program Files\WindowsPowerShell\Modules\AzureRM.profile"
"1430","AzureRM.RecoveryServices","C:\Program Files\WindowsPowerShell\Modules\AzureRM.RecoveryServices"
"1431","AzureRM.RecoveryServices.Backup","C:\Program Files\WindowsPowerShell\Modules\AzureRM.RecoveryServices.Backup"
"1432","AzureRM.RecoveryServices.SiteRecovery","C:\Program Files\WindowsPowerShell\Modules\AzureRM.RecoveryServices.SiteRecovery"
"1433","AzureRM.RedisCache","C:\Program Files\WindowsPowerShell\Modules\AzureRM.RedisCache"
"1434","AzureRM.Relay","C:\Program Files\WindowsPowerShell\Modules\AzureRM.Relay"
"1435","AzureRM.Reservations","C:\Program Files\WindowsPowerShell\Modules\AzureRM.Reservations"
"1436","AzureRM.Resources","C:\Program Files\WindowsPowerShell\Modules\AzureRM.Resources"
"1437","AzureRM.Scheduler","C:\Program Files\WindowsPowerShell\Modules\AzureRM.Scheduler"
"1438","AzureRM.ServerManagement","C:\Program Files\WindowsPowerShell\Modules\AzureRM.ServerManagement"
"1439","AzureRM.ServiceBus","C:\Program Files\WindowsPowerShell\Modules\AzureRM.ServiceBus"
"1440","AzureRM.ServiceFabric","C:\Program Files\WindowsPowerShell\Modules\AzureRM.ServiceFabric"
"1441","AzureRM.SignalR","C:\Program Files\WindowsPowerShell\Modules\AzureRM.SignalR"
"1442","AzureRM.SiteRecovery","C:\Program Files\WindowsPowerShell\Modules\AzureRM.SiteRecovery"
"1443","AzureRM.Sql","C:\Program Files\WindowsPowerShell\Modules\AzureRM.Sql"
"1444","AzureRM.Storage","C:\Program Files\WindowsPowerShell\Modules\AzureRM.Storage"
"1445","AzureRM.StreamAnalytics","C:\Program Files\WindowsPowerShell\Modules\AzureRM.StreamAnalytics"
"1446","AzureRM.Subscription.Preview","C:\Program Files\WindowsPowerShell\Modules\AzureRM.Subscription.Preview"
"1447","AzureRM.Tags","C:\Program Files\WindowsPowerShell\Modules\AzureRM.Tags"
"1448","AzureRM.TrafficManager","C:\Program Files\WindowsPowerShell\Modules\AzureRM.TrafficManager"
"1449","AzureRM.UsageAggregates","C:\Program Files\WindowsPowerShell\Modules\AzureRM.UsageAggregates"
"1450","AzureRM.Websites","C:\Program Files\WindowsPowerShell\Modules\AzureRM.Websites"
"1451","AzureRM.Websites.Experiments","C:\Program Files\WindowsPowerShell\Modules\AzureRM.Websites.Experiments"
"1452","AzureRMADAppPermissionsReport","C:\Program Files\WindowsPowerShell\Modules\AzureRMADAppPermissionsReport"
"1453","AzureRMAppGWCert","C:\Program Files\WindowsPowerShell\Modules\AzureRMAppGWCert"
"1454","AzureRMCertAuthentication","C:\Program Files\WindowsPowerShell\Modules\AzureRMCertAuthentication"
"1455","AzureRmImageManagement","C:\Program Files\WindowsPowerShell\Modules\AzureRmImageManagement"
"1456","AzureRmMinus","C:\Program Files\WindowsPowerShell\Modules\AzureRmMinus"
"1457","AzureRmStorageQueue","C:\Program Files\WindowsPowerShell\Modules\AzureRmStorageQueue"
"1458","AzureRmStorageTable","C:\Program Files\WindowsPowerShell\Modules\AzureRmStorageTable"
"1459","AzureRoleStuff","C:\Program Files\WindowsPowerShell\Modules\AzureRoleStuff"
"1460","AzureSaveMoney","C:\Program Files\WindowsPowerShell\Modules\AzureSaveMoney"
"1461","AzureSearch","C:\Program Files\WindowsPowerShell\Modules\AzureSearch"
"1462","AzureSecrets","C:\Program Files\WindowsPowerShell\Modules\AzureSecrets"
"1463","AzureSerialAccessConsole","C:\Program Files\WindowsPowerShell\Modules\AzureSerialAccessConsole"
"1464","AzureServiceBusCreation","C:\Program Files\WindowsPowerShell\Modules\AzureServiceBusCreation"
"1465","AzureServiceBusManagement","C:\Program Files\WindowsPowerShell\Modules\AzureServiceBusManagement"
"1466","AzureServicePrincipalAccount","C:\Program Files\WindowsPowerShell\Modules\AzureServicePrincipalAccount"
"1467","AzureSignInAudit","C:\Program Files\WindowsPowerShell\Modules\AzureSignInAudit"
"1468","AzureSimpleREST","C:\Program Files\WindowsPowerShell\Modules\AzureSimpleREST"
"1469","AzureSqlMaintenancePlan","C:\Program Files\WindowsPowerShell\Modules\AzureSqlMaintenancePlan"
"1470","AzureStack","C:\Program Files\WindowsPowerShell\Modules\AzureStack"
"1471","AzureStackHCIJumpstart","C:\Program Files\WindowsPowerShell\Modules\AzureStackHCIJumpstart"
"1472","AzureStackVaaS","C:\Program Files\WindowsPowerShell\Modules\AzureStackVaaS"
"1473","AzureStateManager","C:\Program Files\WindowsPowerShell\Modules\AzureStateManager"
"1474","AzureStorageTools","C:\Program Files\WindowsPowerShell\Modules\AzureStorageTools"
"1475","AzureStuff","C:\Program Files\WindowsPowerShell\Modules\AzureStuff"
"1476","AzureSynapseCmdlets","C:\Program Files\WindowsPowerShell\Modules\AzureSynapseCmdlets"
"1477","AzureTableEntity","C:\Program Files\WindowsPowerShell\Modules\AzureTableEntity"
"1478","AzureTablesCmdlets","C:\Program Files\WindowsPowerShell\Modules\AzureTablesCmdlets"
"1479","AzureToolsBD09","C:\Program Files\WindowsPowerShell\Modules\AzureToolsBD09"
"1480","AzureUserStuff","C:\Program Files\WindowsPowerShell\Modules\AzureUserStuff"
"1481","AzureUtil","C:\Program Files\WindowsPowerShell\Modules\AzureUtil"
"1482","AzureVMPublicIPUpgrade","C:\Program Files\WindowsPowerShell\Modules\AzureVMPublicIPUpgrade"
"1483","AzureVMSnapshot","C:\Program Files\WindowsPowerShell\Modules\AzureVMSnapshot"
"1484","AzureVmSnapshots","C:\Program Files\WindowsPowerShell\Modules\AzureVmSnapshots"
"1485","AzureVpnClient","C:\Program Files\WindowsPowerShell\Modules\AzureVpnClient"
"1486","azureVpnP2SSelfSignedCertificate","C:\Program Files\WindowsPowerShell\Modules\azureVpnP2SSelfSignedCertificate"
"1487","AzureWvdDsc","C:\Program Files\WindowsPowerShell\Modules\AzureWvdDsc"
"1488","AzViz","C:\Program Files\WindowsPowerShell\Modules\AzViz"
"1489","AzVnetGraph","C:\Program Files\WindowsPowerShell\Modules\AzVnetGraph"
"1490","AzWhoAmI","C:\Program Files\WindowsPowerShell\Modules\AzWhoAmI"
"1491","BenchPress.Azure","C:\Program Files\WindowsPowerShell\Modules\BenchPress.Azure"
"1492","BitTitan.Runbooks.AzureAD","C:\Program Files\WindowsPowerShell\Modules\BitTitan.Runbooks.AzureAD"
"1493","BitTitan.Runbooks.AzureAD.Beta","C:\Program Files\WindowsPowerShell\Modules\BitTitan.Runbooks.AzureAD.Beta"
"1494","BitTitan.Runbooks.AzureRM","C:\Program Files\WindowsPowerShell\Modules\BitTitan.Runbooks.AzureRM"
"1495","BitTitan.Runbooks.AzureRM.Beta","C:\Program Files\WindowsPowerShell\Modules\BitTitan.Runbooks.AzureRM.Beta"
"1496","BitTitan.Runbooks.AzureRMS","C:\Program Files\WindowsPowerShell\Modules\BitTitan.Runbooks.AzureRMS"
"1497","BitTitan.Runbooks.AzureRMS.Beta","C:\Program Files\WindowsPowerShell\Modules\BitTitan.Runbooks.AzureRMS.Beta"
"1498","biz.dfch.PS.System.Logging","C:\Program Files\WindowsPowerShell\Modules\biz.dfch.PS.System.Logging"
"1499","biz.dfch.PS.System.Utilities","C:\Program Files\WindowsPowerShell\Modules\biz.dfch.PS.System.Utilities"
"1500","BlazorHelp","C:\Program Files\WindowsPowerShell\Modules\BlazorHelp"
"1501","BrazenCloud","C:\Program Files\WindowsPowerShell\Modules\BrazenCloud"
"1502","BrazenCloud.ADK","C:\Program Files\WindowsPowerShell\Modules\BrazenCloud.ADK"
"1503","BrazenCloud.Yaml","C:\Program Files\WindowsPowerShell\Modules\BrazenCloud.Yaml"
"1504","cAzureKeyVault","C:\Program Files\WindowsPowerShell\Modules\cAzureKeyVault"
"1505","cAzureStorage","C:\Program Files\WindowsPowerShell\Modules\cAzureStorage"
"1506","cEPRSAzureFeatures","C:\Program Files\WindowsPowerShell\Modules\cEPRSAzureFeatures"
"1507","cEPRSDeployAzureWebsite","C:\Program Files\WindowsPowerShell\Modules\cEPRSDeployAzureWebsite"
"1508","cMoveAzureTempDrive","C:\Program Files\WindowsPowerShell\Modules\cMoveAzureTempDrive"
"1509","CommonStuff","C:\Program Files\WindowsPowerShell\Modules\CommonStuff"
"1510","Configuration","C:\Program Files\WindowsPowerShell\Modules\Configuration"
"1511","Connect-AzAD_Token","C:\Program Files\WindowsPowerShell\Modules\Connect-AzAD_Token"
"1512","Connect-AzureAutomation","C:\Program Files\WindowsPowerShell\Modules\Connect-AzureAutomation"
"1513","CPolydorou.Azure.WebApp","C:\Program Files\WindowsPowerShell\Modules\CPolydorou.Azure.WebApp"
"1514","CredentialStore","C:\Program Files\WindowsPowerShell\Modules\CredentialStore"
"1515","CWJAzureRegionIPRange","C:\Program Files\WindowsPowerShell\Modules\CWJAzureRegionIPRange"
"1516","CWJIPNetwork","C:\Program Files\WindowsPowerShell\Modules\CWJIPNetwork"
"1517","D365BCOnAzureDeployment","C:\Program Files\WindowsPowerShell\Modules\D365BCOnAzureDeployment"
"1518","D365BCOnAzureHelper","C:\Program Files\WindowsPowerShell\Modules\D365BCOnAzureHelper"
"1519","DependencySearch","C:\Program Files\WindowsPowerShell\Modules\DependencySearch"
"1520","Devdeer.Azure","C:\Program Files\WindowsPowerShell\Modules\Devdeer.Azure"
"1521","dos-install-common-azure","C:\Program Files\WindowsPowerShell\Modules\dos-install-common-azure"
"1522","DosInstallUtilities.Azure","C:\Program Files\WindowsPowerShell\Modules\DosInstallUtilities.Azure"
"1523","EasyAzureFunction","C:\Program Files\WindowsPowerShell\Modules\EasyAzureFunction"
"1524","EcoVadis.AzureDevOps","C:\Program Files\WindowsPowerShell\Modules\EcoVadis.AzureDevOps"
"1525","eNLib","C:\Program Files\WindowsPowerShell\Modules\eNLib"
"1526","EpinovaAzureToolBucket","C:\Program Files\WindowsPowerShell\Modules\EpinovaAzureToolBucket"
"1527","ExchangeOnlineManagement","C:\Program Files\WindowsPowerShell\Modules\ExchangeOnlineManagement"
"1528","Export-AzureRoleAssignment","C:\Program Files\WindowsPowerShell\Modules\Export-AzureRoleAssignment"
"1529","gaz-toolbox","C:\Program Files\WindowsPowerShell\Modules\gaz-toolbox"
"1530","Get-AllAzNics","C:\Program Files\WindowsPowerShell\Modules\Get-AllAzNics"
"1531","Get-AzCertificateThumbprint","C:\Program Files\WindowsPowerShell\Modules\Get-AzCertificateThumbprint"
"1532","Get-AzureADAuthTokens","C:\Program Files\WindowsPowerShell\Modules\Get-AzureADAuthTokens"
"1533","Get-AzVMSku","C:\Program Files\WindowsPowerShell\Modules\Get-AzVMSku"
"1534","Get-CAzureRMStorageServicesAuthorizationHeader","C:\Program Files\WindowsPowerShell\Modules\Get-CAzureRMStorageServicesAuthorizationHeader"
"1535","HansenAzurePS","C:\Program Files\WindowsPowerShell\Modules\HansenAzurePS"
"1536","Import-JUnitToAzTestPlan","C:\Program Files\WindowsPowerShell\Modules\Import-JUnitToAzTestPlan"
"1537","ImportAZSK_UtilizationModules","C:\Program Files\WindowsPowerShell\Modules\ImportAZSK_UtilizationModules"
"1538","ImportExcel","C:\Program Files\WindowsPowerShell\Modules\ImportExcel"
"1539","JAz.LogIngestion","C:\Program Files\WindowsPowerShell\Modules\JAz.LogIngestion"
"1540","JAz.PIM","C:\Program Files\WindowsPowerShell\Modules\JAz.PIM"
"1541","JBUtils","C:\Program Files\WindowsPowerShell\Modules\JBUtils"
"1542","jtAz","C:\Program Files\WindowsPowerShell\Modules\jtAz"
"1543","KeDo_AZTableAPI","C:\Program Files\WindowsPowerShell\Modules\KeDo_AZTableAPI"
"1544","KeDo_AzureGraphAPI","C:\Program Files\WindowsPowerShell\Modules\KeDo_AzureGraphAPI"
"1545","Kelverion.Azure.DevOps","C:\Program Files\WindowsPowerShell\Modules\Kelverion.Azure.DevOps"
"1546","Kelverion.Azure.Infrastructure","C:\Program Files\WindowsPowerShell\Modules\Kelverion.Azure.Infrastructure"
"1547","Kelverion.Azure.Monitor","C:\Program Files\WindowsPowerShell\Modules\Kelverion.Azure.Monitor"
"1548","Keyops-Azure","C:\Program Files\WindowsPowerShell\Modules\Keyops-Azure"
"1549","lazy-posh-git","C:\Program Files\WindowsPowerShell\Modules\lazy-posh-git"
"1550","LazyExchangeAdmin.AdExpNotify","C:\Program Files\WindowsPowerShell\Modules\LazyExchangeAdmin.AdExpNotify"
"1551","LazyExchangeAdmin.SkuMon","C:\Program Files\WindowsPowerShell\Modules\LazyExchangeAdmin.SkuMon"
"1552","List-AllAzSubnets","C:\Program Files\WindowsPowerShell\Modules\List-AllAzSubnets"
"1553","List-AllAzVMDefaultRoutes","C:\Program Files\WindowsPowerShell\Modules\List-AllAzVMDefaultRoutes"
"1554","LumifyAzureTools","C:\Program Files\WindowsPowerShell\Modules\LumifyAzureTools"
"1555","MazeRats","C:\Program Files\WindowsPowerShell\Modules\MazeRats"
"1556","Metadata","C:\Program Files\WindowsPowerShell\Modules\Metadata"
"1557","Microsoft.Azure.ActiveDirectory.PIM.PSModule","C:\Program Files\WindowsPowerShell\Modules\Microsoft.Azure.ActiveDirectory.PIM.PSModule"
"1558","Microsoft.AzureBlockchainService.ConsortiumManagement.PS","C:\Program Files\WindowsPowerShell\Modules\Microsoft.AzureBlockchainService.ConsortiumManagement.PS"
"1559","Microsoft.AzureStack.HCI.CSSTools","C:\Program Files\WindowsPowerShell\Modules\Microsoft.AzureStack.HCI.CSSTools"
"1560","Microsoft.AzureStack.ReadinessChecker","C:\Program Files\WindowsPowerShell\Modules\Microsoft.AzureStack.ReadinessChecker"
"1561","Microsoft.AzureStack.Util.ConvertNetwork","C:\Program Files\WindowsPowerShell\Modules\Microsoft.AzureStack.Util.ConvertNetwork"
"1562","Microsoft.Graph.Applications","C:\Program Files\WindowsPowerShell\Modules\Microsoft.Graph.Applications"
"1563","Microsoft.Graph.Authentication","C:\Program Files\WindowsPowerShell\Modules\Microsoft.Graph.Authentication"
"1564","Microsoft.Graph.Beta.Applications","C:\Program Files\WindowsPowerShell\Modules\Microsoft.Graph.Beta.Applications"
"1565","Microsoft.Graph.Beta.DeviceManagement","C:\Program Files\WindowsPowerShell\Modules\Microsoft.Graph.Beta.DeviceManagement"
"1566","Microsoft.Graph.Beta.DeviceManagement.Actions","C:\Program Files\WindowsPowerShell\Modules\Microsoft.Graph.Beta.DeviceManagement.Actions"
"1567","Microsoft.Graph.Beta.DeviceManagement.Administration","C:\Program Files\WindowsPowerShell\Modules\Microsoft.Graph.Beta.DeviceManagement.Administration"
"1568","Microsoft.Graph.Beta.Groups","C:\Program Files\WindowsPowerShell\Modules\Microsoft.Graph.Beta.Groups"
"1569","Microsoft.Graph.Beta.Identity.DirectoryManagement","C:\Program Files\WindowsPowerShell\Modules\Microsoft.Graph.Beta.Identity.DirectoryManagement"
"1570","Microsoft.Graph.Beta.Identity.SignIns","C:\Program Files\WindowsPowerShell\Modules\Microsoft.Graph.Beta.Identity.SignIns"
"1571","Microsoft.Graph.Beta.Reports","C:\Program Files\WindowsPowerShell\Modules\Microsoft.Graph.Beta.Reports"
"1572","Microsoft.Graph.Beta.Users","C:\Program Files\WindowsPowerShell\Modules\Microsoft.Graph.Beta.Users"
"1573","Microsoft.Graph.Beta.Users.Actions","C:\Program Files\WindowsPowerShell\Modules\Microsoft.Graph.Beta.Users.Actions"
"1574","Microsoft.Graph.DeviceManagement.Enrolment","C:\Program Files\WindowsPowerShell\Modules\Microsoft.Graph.DeviceManagement.Enrolment"
"1575","Microsoft.Graph.DirectoryObjects","C:\Program Files\WindowsPowerShell\Modules\Microsoft.Graph.DirectoryObjects"
"1576","Microsoft.Graph.Groups","C:\Program Files\WindowsPowerShell\Modules\Microsoft.Graph.Groups"
"1577","Microsoft.Graph.Identity.DirectoryManagement","C:\Program Files\WindowsPowerShell\Modules\Microsoft.Graph.Identity.DirectoryManagement"
"1578","Microsoft.Graph.Identity.SignIns","C:\Program Files\WindowsPowerShell\Modules\Microsoft.Graph.Identity.SignIns"
"1579","Microsoft.Graph.Users","C:\Program Files\WindowsPowerShell\Modules\Microsoft.Graph.Users"
"1580","Microsoft.Graph.Users.Actions","C:\Program Files\WindowsPowerShell\Modules\Microsoft.Graph.Users.Actions"
"1581","Microsoft.Online.SharePoint.PowerShell","C:\Program Files\WindowsPowerShell\Modules\Microsoft.Online.SharePoint.PowerShell"
"1582","Microsoft.PowerShell.Operation.Validation","C:\Program Files\WindowsPowerShell\Modules\Microsoft.PowerShell.Operation.Validation"
"1583","Microsoft.PowerShell.PSResourceGet","C:\Program Files\WindowsPowerShell\Modules\Microsoft.PowerShell.PSResourceGet"
"1584","Microsoft.PowerShell.SecretManagement","C:\Program Files\WindowsPowerShell\Modules\Microsoft.PowerShell.SecretManagement"
"1585","Microsoft.PowerShell.SecretStore","C:\Program Files\WindowsPowerShell\Modules\Microsoft.PowerShell.SecretStore"
"1586","Microsoft.SME.CredSspPolicy","C:\Program Files\WindowsPowerShell\Modules\Microsoft.SME.CredSspPolicy"
"1587","MicrosoftTeams","C:\Program Files\WindowsPowerShell\Modules\MicrosoftTeams"
"1588","MigrateTo-AzureRM","C:\Program Files\WindowsPowerShell\Modules\MigrateTo-AzureRM"
"1589","MrAAzure","C:\Program Files\WindowsPowerShell\Modules\MrAAzure"
"1590","MSAL.PS","C:\Program Files\WindowsPowerShell\Modules\MSAL.PS"
"1591","MSGraphStuff","C:\Program Files\WindowsPowerShell\Modules\MSGraphStuff"
"1592","MSOnline","C:\Program Files\WindowsPowerShell\Modules\MSOnline"
"1593","NetworkingDsc","C:\Program Files\WindowsPowerShell\Modules\NetworkingDsc"
"1594","New-AzureRMRESTApiAuthenticationToken","C:\Program Files\WindowsPowerShell\Modules\New-AzureRMRESTApiAuthenticationToken"
"1595","NewAzDoServiceConnection","C:\Program Files\WindowsPowerShell\Modules\NewAzDoServiceConnection"
"1596","Noveris.AzAuto","C:\Program Files\WindowsPowerShell\Modules\Noveris.AzAuto"
"1597","OfficeAndAzureTools","C:\Program Files\WindowsPowerShell\Modules\OfficeAndAzureTools"
"1598","Om.Azure","C:\Program Files\WindowsPowerShell\Modules\Om.Azure"
"1599","Om.Azure.Management","C:\Program Files\WindowsPowerShell\Modules\Om.Azure.Management"
"1600","Optimized.AzAutomation","C:\Program Files\WindowsPowerShell\Modules\Optimized.AzAutomation"
"1601","Optimized.Mga","C:\Program Files\WindowsPowerShell\Modules\Optimized.Mga"
"1602","Optimized.Mga.AzureAD","C:\Program Files\WindowsPowerShell\Modules\Optimized.Mga.AzureAD"
"1603","OriAzBopBoostrapOriPsgallery","C:\Program Files\WindowsPowerShell\Modules\OriAzBopBoostrapOriPsgallery"
"1604","OSDCloudAzure","C:\Program Files\WindowsPowerShell\Modules\OSDCloudAzure"
"1605","PackageManagement","C:\Program Files\WindowsPowerShell\Modules\PackageManagement"
"1606","pcit.az.rbac","C:\Program Files\WindowsPowerShell\Modules\pcit.az.rbac"
"1607","Pester","C:\Program Files\WindowsPowerShell\Modules\Pester"
"1608","pf-azFuncDeploy","C:\Program Files\WindowsPowerShell\Modules\pf-azFuncDeploy"
"1609","pf-AzPipelines","C:\Program Files\WindowsPowerShell\Modules\pf-AzPipelines"
"1610","Pinja.Azure.Alerts","C:\Program Files\WindowsPowerShell\Modules\Pinja.Azure.Alerts"
"1611","PipelinesAzureAgent","C:\Program Files\WindowsPowerShell\Modules\PipelinesAzureAgent"
"1612","PnP.PowerShell","C:\Program Files\WindowsPowerShell\Modules\PnP.PowerShell"
"1613","posh-azure","C:\Program Files\WindowsPowerShell\Modules\posh-azure"
"1614","posh-azurecli","C:\Program Files\WindowsPowerShell\Modules\posh-azurecli"
"1615","Posh-AzureDevOps","C:\Program Files\WindowsPowerShell\Modules\Posh-AzureDevOps"
"1616","PoshBot","C:\Program Files\WindowsPowerShell\Modules\PoshBot"
"1617","PoshBot.AzDos","C:\Program Files\WindowsPowerShell\Modules\PoshBot.AzDos"
"1618","PoshBot.AzureAD","C:\Program Files\WindowsPowerShell\Modules\PoshBot.AzureAD"
"1619","PowerHTML","C:\Program Files\WindowsPowerShell\Modules\PowerHTML"
"1620","powershell-az","C:\Program Files\WindowsPowerShell\Modules\powershell-az"
"1621","powershell-yaml","C:\Program Files\WindowsPowerShell\Modules\powershell-yaml"
"1622","PowerShell.Azure.Data.Explorer","C:\Program Files\WindowsPowerShell\Modules\PowerShell.Azure.Data.Explorer"
"1623","PowerShell.AzureDevOps","C:\Program Files\WindowsPowerShell\Modules\PowerShell.AzureDevOps"
"1624","PowerShellAzureFunctions","C:\Program Files\WindowsPowerShell\Modules\PowerShellAzureFunctions"
"1625","PowerShellGet","C:\Program Files\WindowsPowerShell\Modules\PowerShellGet"
"1626","PPL.AzUtils","C:\Program Files\WindowsPowerShell\Modules\PPL.AzUtils"
"1627","ProductivityTools.AzureAutomation","C:\Program Files\WindowsPowerShell\Modules\ProductivityTools.AzureAutomation"
"1628","ProductivityTools.MasterConfiguration","C:\Program Files\WindowsPowerShell\Modules\ProductivityTools.MasterConfiguration"
"1629","Provance.Azure","C:\Program Files\WindowsPowerShell\Modules\Provance.Azure"
"1630","ps-azure-container-registry","C:\Program Files\WindowsPowerShell\Modules\ps-azure-container-registry"
"1631","ps-AzureFaceAPI","C:\Program Files\WindowsPowerShell\Modules\ps-AzureFaceAPI"
"1632","ps-vmware-az-assessment","C:\Program Files\WindowsPowerShell\Modules\ps-vmware-az-assessment"
"1633","psAzD","C:\Program Files\WindowsPowerShell\Modules\psAzD"
"1634","psazdevtestlabs","C:\Program Files\WindowsPowerShell\Modules\psazdevtestlabs"
"1635","PSAzureAppConfiguration","C:\Program Files\WindowsPowerShell\Modules\PSAzureAppConfiguration"
"1636","PsAzureCli","C:\Program Files\WindowsPowerShell\Modules\PsAzureCli"
"1637","PSAzureDatabricks","C:\Program Files\WindowsPowerShell\Modules\PSAzureDatabricks"
"1638","PsAzureDevOps","C:\Program Files\WindowsPowerShell\Modules\PsAzureDevOps"
"1639","PSAzureFunctions","C:\Program Files\WindowsPowerShell\Modules\PSAzureFunctions"
"1640","PSAzureMigrationAdvisor","C:\Program Files\WindowsPowerShell\Modules\PSAzureMigrationAdvisor"
"1641","PSAzurePipelinesCITemplate","C:\Program Files\WindowsPowerShell\Modules\PSAzurePipelinesCITemplate"
"1642","PSAzureQueue","C:\Program Files\WindowsPowerShell\Modules\PSAzureQueue"
"1643","PSAzureSignTool","C:\Program Files\WindowsPowerShell\Modules\PSAzureSignTool"
"1644","PSAzureToolkit","C:\Program Files\WindowsPowerShell\Modules\PSAzureToolkit"
"1645","PSAzureUtils","C:\Program Files\WindowsPowerShell\Modules\PSAzureUtils"
"1646","PSDocs","C:\Program Files\WindowsPowerShell\Modules\PSDocs"
"1647","PSDocs.Azure","C:\Program Files\WindowsPowerShell\Modules\PSDocs.Azure"
"1648","psengine.azure.tables","C:\Program Files\WindowsPowerShell\Modules\psengine.azure.tables"
"1649","PSFramework","C:\Program Files\WindowsPowerShell\Modules\PSFramework"
"1650","PSGraph","C:\Program Files\WindowsPowerShell\Modules\PSGraph"
"1651","PSHelpFunctions","C:\Program Files\WindowsPowerShell\Modules\PSHelpFunctions"
"1652","PsiPS.AzureAutomation","C:\Program Files\WindowsPowerShell\Modules\PsiPS.AzureAutomation"
"1653","PSLoggingFunctions","C:\Program Files\WindowsPowerShell\Modules\PSLoggingFunctions"
"1654","PSP-AzureInventory","C:\Program Files\WindowsPowerShell\Modules\PSP-AzureInventory"
"1655","PSParseHTML","C:\Program Files\WindowsPowerShell\Modules\PSParseHTML"
"1656","pspulumiyaml","C:\Program Files\WindowsPowerShell\Modules\pspulumiyaml"
"1657","pspulumiyaml.azurenative","C:\Program Files\WindowsPowerShell\Modules\pspulumiyaml.azurenative"
"1658","pspulumiyaml.azurenative.aad","C:\Program Files\WindowsPowerShell\Modules\pspulumiyaml.azurenative.aad"
"1659","pspulumiyaml.azurenative.aadiam","C:\Program Files\WindowsPowerShell\Modules\pspulumiyaml.azurenative.aadiam"
"1660","pspulumiyaml.azurenative.addons","C:\Program Files\WindowsPowerShell\Modules\pspulumiyaml.azurenative.addons"
"1661","pspulumiyaml.azurenative.advisor","C:\Program Files\WindowsPowerShell\Modules\pspulumiyaml.azurenative.advisor"
"1662","pspulumiyaml.azurenative.agfoodplatform","C:\Program Files\WindowsPowerShell\Modules\pspulumiyaml.azurenative.agfoodplatform"
"1663","pspulumiyaml.azurenative.alertsmanagement","C:\Program Files\WindowsPowerShell\Modules\pspulumiyaml.azurenative.alertsmanagement"
"1664","pspulumiyaml.azurenative.analysisservices","C:\Program Files\WindowsPowerShell\Modules\pspulumiyaml.azurenative.analysisservices"
"1665","pspulumiyaml.azurenative.apimanagement","C:\Program Files\WindowsPowerShell\Modules\pspulumiyaml.azurenative.apimanagement"
"1666","pspulumiyaml.azurenative.app","C:\Program Files\WindowsPowerShell\Modules\pspulumiyaml.azurenative.app"
"1667","pspulumiyaml.azurenative.appconfiguration","C:\Program Files\WindowsPowerShell\Modules\pspulumiyaml.azurenative.appconfiguration"
"1668","pspulumiyaml.azurenative.appplatform","C:\Program Files\WindowsPowerShell\Modules\pspulumiyaml.azurenative.appplatform"
"1669","pspulumiyaml.azurenative.attestation","C:\Program Files\WindowsPowerShell\Modules\pspulumiyaml.azurenative.attestation"
"1670","pspulumiyaml.azurenative.authorization","C:\Program Files\WindowsPowerShell\Modules\pspulumiyaml.azurenative.authorization"
"1671","pspulumiyaml.azurenative.automanage","C:\Program Files\WindowsPowerShell\Modules\pspulumiyaml.azurenative.automanage"
"1672","pspulumiyaml.azurenative.automation","C:\Program Files\WindowsPowerShell\Modules\pspulumiyaml.azurenative.automation"
"1673","pspulumiyaml.azurenative.autonomousdevelopmentplatform","C:\Program Files\WindowsPowerShell\Modules\pspulumiyaml.azurenative.autonomousdevelopmentplatform"
"1674","pspulumiyaml.azurenative.avs","C:\Program Files\WindowsPowerShell\Modules\pspulumiyaml.azurenative.avs"
"1675","pspulumiyaml.azurenative.azureactivedirectory","C:\Program Files\WindowsPowerShell\Modules\pspulumiyaml.azurenative.azureactivedirectory"
"1676","pspulumiyaml.azurenative.azurearcdata","C:\Program Files\WindowsPowerShell\Modules\pspulumiyaml.azurenative.azurearcdata"
"1677","pspulumiyaml.azurenative.azuredata","C:\Program Files\WindowsPowerShell\Modules\pspulumiyaml.azurenative.azuredata"
"1678","pspulumiyaml.azurenative.azurestack","C:\Program Files\WindowsPowerShell\Modules\pspulumiyaml.azurenative.azurestack"
"1679","pspulumiyaml.azurenative.azurestackhci","C:\Program Files\WindowsPowerShell\Modules\pspulumiyaml.azurenative.azurestackhci"
"1680","pspulumiyaml.azurenative.batch","C:\Program Files\WindowsPowerShell\Modules\pspulumiyaml.azurenative.batch"
"1681","pspulumiyaml.azurenative.billing","C:\Program Files\WindowsPowerShell\Modules\pspulumiyaml.azurenative.billing"
"1682","pspulumiyaml.azurenative.blockchain","C:\Program Files\WindowsPowerShell\Modules\pspulumiyaml.azurenative.blockchain"
"1683","pspulumiyaml.azurenative.blueprint","C:\Program Files\WindowsPowerShell\Modules\pspulumiyaml.azurenative.blueprint"
"1684","pspulumiyaml.azurenative.botservice","C:\Program Files\WindowsPowerShell\Modules\pspulumiyaml.azurenative.botservice"
"1685","pspulumiyaml.azurenative.cache","C:\Program Files\WindowsPowerShell\Modules\pspulumiyaml.azurenative.cache"
"1686","pspulumiyaml.azurenative.cdn","C:\Program Files\WindowsPowerShell\Modules\pspulumiyaml.azurenative.cdn"
"1687","pspulumiyaml.azurenative.certificateregistration","C:\Program Files\WindowsPowerShell\Modules\pspulumiyaml.azurenative.certificateregistration"
"1688","pspulumiyaml.azurenative.changeanalysis","C:\Program Files\WindowsPowerShell\Modules\pspulumiyaml.azurenative.changeanalysis"
"1689","pspulumiyaml.azurenative.chaos","C:\Program Files\WindowsPowerShell\Modules\pspulumiyaml.azurenative.chaos"
"1690","pspulumiyaml.azurenative.cognitiveservices","C:\Program Files\WindowsPowerShell\Modules\pspulumiyaml.azurenative.cognitiveservices"
"1691","pspulumiyaml.azurenative.communication","C:\Program Files\WindowsPowerShell\Modules\pspulumiyaml.azurenative.communication"
"1692","pspulumiyaml.azurenative.compute","C:\Program Files\WindowsPowerShell\Modules\pspulumiyaml.azurenative.compute"
"1693","pspulumiyaml.azurenative.confidentialledger","C:\Program Files\WindowsPowerShell\Modules\pspulumiyaml.azurenative.confidentialledger"
"1694","pspulumiyaml.azurenative.confluent","C:\Program Files\WindowsPowerShell\Modules\pspulumiyaml.azurenative.confluent"
"1695","pspulumiyaml.azurenative.connectedvmwarevsphere","C:\Program Files\WindowsPowerShell\Modules\pspulumiyaml.azurenative.connectedvmwarevsphere"
"1696","pspulumiyaml.azurenative.consumption","C:\Program Files\WindowsPowerShell\Modules\pspulumiyaml.azurenative.consumption"
"1697","pspulumiyaml.azurenative.containerinstance","C:\Program Files\WindowsPowerShell\Modules\pspulumiyaml.azurenative.containerinstance"
"1698","pspulumiyaml.azurenative.containerregistry","C:\Program Files\WindowsPowerShell\Modules\pspulumiyaml.azurenative.containerregistry"
"1699","pspulumiyaml.azurenative.containerservice","C:\Program Files\WindowsPowerShell\Modules\pspulumiyaml.azurenative.containerservice"
"1700","pspulumiyaml.azurenative.costmanagement","C:\Program Files\WindowsPowerShell\Modules\pspulumiyaml.azurenative.costmanagement"
"1701","pspulumiyaml.azurenative.customerinsights","C:\Program Files\WindowsPowerShell\Modules\pspulumiyaml.azurenative.customerinsights"
"1702","pspulumiyaml.azurenative.customproviders","C:\Program Files\WindowsPowerShell\Modules\pspulumiyaml.azurenative.customproviders"
"1703","pspulumiyaml.azurenative.dashboard","C:\Program Files\WindowsPowerShell\Modules\pspulumiyaml.azurenative.dashboard"
"1704","pspulumiyaml.azurenative.databox","C:\Program Files\WindowsPowerShell\Modules\pspulumiyaml.azurenative.databox"
"1705","pspulumiyaml.azurenative.databoxedge","C:\Program Files\WindowsPowerShell\Modules\pspulumiyaml.azurenative.databoxedge"
"1706","pspulumiyaml.azurenative.databricks","C:\Program Files\WindowsPowerShell\Modules\pspulumiyaml.azurenative.databricks"
"1707","pspulumiyaml.azurenative.datacatalog","C:\Program Files\WindowsPowerShell\Modules\pspulumiyaml.azurenative.datacatalog"
"1708","pspulumiyaml.azurenative.datadog","C:\Program Files\WindowsPowerShell\Modules\pspulumiyaml.azurenative.datadog"
"1709","pspulumiyaml.azurenative.datafactory","C:\Program Files\WindowsPowerShell\Modules\pspulumiyaml.azurenative.datafactory"
"1710","pspulumiyaml.azurenative.datalakeanalytics","C:\Program Files\WindowsPowerShell\Modules\pspulumiyaml.azurenative.datalakeanalytics"
"1711","pspulumiyaml.azurenative.datalakestore","C:\Program Files\WindowsPowerShell\Modules\pspulumiyaml.azurenative.datalakestore"
"1712","pspulumiyaml.azurenative.datamigration","C:\Program Files\WindowsPowerShell\Modules\pspulumiyaml.azurenative.datamigration"
"1713","pspulumiyaml.azurenative.dataprotection","C:\Program Files\WindowsPowerShell\Modules\pspulumiyaml.azurenative.dataprotection"
"1714","pspulumiyaml.azurenative.datashare","C:\Program Files\WindowsPowerShell\Modules\pspulumiyaml.azurenative.datashare"
"1715","pspulumiyaml.azurenative.dbformariadb","C:\Program Files\WindowsPowerShell\Modules\pspulumiyaml.azurenative.dbformariadb"
"1716","pspulumiyaml.azurenative.dbformysql","C:\Program Files\WindowsPowerShell\Modules\pspulumiyaml.azurenative.dbformysql"
"1717","pspulumiyaml.azurenative.dbforpostgresql","C:\Program Files\WindowsPowerShell\Modules\pspulumiyaml.azurenative.dbforpostgresql"
"1718","pspulumiyaml.azurenative.delegatednetwork","C:\Program Files\WindowsPowerShell\Modules\pspulumiyaml.azurenative.delegatednetwork"
"1719","pspulumiyaml.azurenative.deploymentmanager","C:\Program Files\WindowsPowerShell\Modules\pspulumiyaml.azurenative.deploymentmanager"
"1720","pspulumiyaml.azurenative.desktopvirtualization","C:\Program Files\WindowsPowerShell\Modules\pspulumiyaml.azurenative.desktopvirtualization"
"1721","pspulumiyaml.azurenative.devhub","C:\Program Files\WindowsPowerShell\Modules\pspulumiyaml.azurenative.devhub"
"1722","pspulumiyaml.azurenative.devices","C:\Program Files\WindowsPowerShell\Modules\pspulumiyaml.azurenative.devices"
"1723","pspulumiyaml.azurenative.deviceupdate","C:\Program Files\WindowsPowerShell\Modules\pspulumiyaml.azurenative.deviceupdate"
"1724","pspulumiyaml.azurenative.devops","C:\Program Files\WindowsPowerShell\Modules\pspulumiyaml.azurenative.devops"
"1725","pspulumiyaml.azurenative.devspaces","C:\Program Files\WindowsPowerShell\Modules\pspulumiyaml.azurenative.devspaces"
"1726","pspulumiyaml.azurenative.devtestlab","C:\Program Files\WindowsPowerShell\Modules\pspulumiyaml.azurenative.devtestlab"
"1727","pspulumiyaml.azurenative.digitaltwins","C:\Program Files\WindowsPowerShell\Modules\pspulumiyaml.azurenative.digitaltwins"
"1728","pspulumiyaml.azurenative.documentdb","C:\Program Files\WindowsPowerShell\Modules\pspulumiyaml.azurenative.documentdb"
"1729","pspulumiyaml.azurenative.domainregistration","C:\Program Files\WindowsPowerShell\Modules\pspulumiyaml.azurenative.domainregistration"
"1730","pspulumiyaml.azurenative.dynamics365fraudprotection","C:\Program Files\WindowsPowerShell\Modules\pspulumiyaml.azurenative.dynamics365fraudprotection"
"1731","pspulumiyaml.azurenative.edgeorder","C:\Program Files\WindowsPowerShell\Modules\pspulumiyaml.azurenative.edgeorder"
"1732","pspulumiyaml.azurenative.education","C:\Program Files\WindowsPowerShell\Modules\pspulumiyaml.azurenative.education"
"1733","pspulumiyaml.azurenative.elastic","C:\Program Files\WindowsPowerShell\Modules\pspulumiyaml.azurenative.elastic"
"1734","pspulumiyaml.azurenative.elasticsan","C:\Program Files\WindowsPowerShell\Modules\pspulumiyaml.azurenative.elasticsan"
"1735","pspulumiyaml.azurenative.engagementfabric","C:\Program Files\WindowsPowerShell\Modules\pspulumiyaml.azurenative.engagementfabric"
"1736","pspulumiyaml.azurenative.enterpriseknowledgegraph","C:\Program Files\WindowsPowerShell\Modules\pspulumiyaml.azurenative.enterpriseknowledgegraph"
"1737","pspulumiyaml.azurenative.eventgrid","C:\Program Files\WindowsPowerShell\Modules\pspulumiyaml.azurenative.eventgrid"
"1738","pspulumiyaml.azurenative.eventhub","C:\Program Files\WindowsPowerShell\Modules\pspulumiyaml.azurenative.eventhub"
"1739","pspulumiyaml.azurenative.extendedlocation","C:\Program Files\WindowsPowerShell\Modules\pspulumiyaml.azurenative.extendedlocation"
"1740","pspulumiyaml.azurenative.features","C:\Program Files\WindowsPowerShell\Modules\pspulumiyaml.azurenative.features"
"1741","pspulumiyaml.azurenative.fluidrelay","C:\Program Files\WindowsPowerShell\Modules\pspulumiyaml.azurenative.fluidrelay"
"1742","pspulumiyaml.azurenative.guestconfiguration","C:\Program Files\WindowsPowerShell\Modules\pspulumiyaml.azurenative.guestconfiguration"
"1743","pspulumiyaml.azurenative.hanaonazure","C:\Program Files\WindowsPowerShell\Modules\pspulumiyaml.azurenative.hanaonazure"
"1744","pspulumiyaml.azurenative.hardwaresecuritymodules","C:\Program Files\WindowsPowerShell\Modules\pspulumiyaml.azurenative.hardwaresecuritymodules"
"1745","pspulumiyaml.azurenative.hdinsight","C:\Program Files\WindowsPowerShell\Modules\pspulumiyaml.azurenative.hdinsight"
"1746","pspulumiyaml.azurenative.healthbot","C:\Program Files\WindowsPowerShell\Modules\pspulumiyaml.azurenative.healthbot"
"1747","pspulumiyaml.azurenative.healthcareapis","C:\Program Files\WindowsPowerShell\Modules\pspulumiyaml.azurenative.healthcareapis"
"1748","pspulumiyaml.azurenative.hybridcompute","C:\Program Files\WindowsPowerShell\Modules\pspulumiyaml.azurenative.hybridcompute"
"1749","pspulumiyaml.azurenative.hybridconnectivity","C:\Program Files\WindowsPowerShell\Modules\pspulumiyaml.azurenative.hybridconnectivity"
"1750","pspulumiyaml.azurenative.hybriddata","C:\Program Files\WindowsPowerShell\Modules\pspulumiyaml.azurenative.hybriddata"
"1751","pspulumiyaml.azurenative.hybridnetwork","C:\Program Files\WindowsPowerShell\Modules\pspulumiyaml.azurenative.hybridnetwork"
"1752","pspulumiyaml.azurenative.importexport","C:\Program Files\WindowsPowerShell\Modules\pspulumiyaml.azurenative.importexport"
"1753","pspulumiyaml.azurenative.insights","C:\Program Files\WindowsPowerShell\Modules\pspulumiyaml.azurenative.insights"
"1754","pspulumiyaml.azurenative.intune","C:\Program Files\WindowsPowerShell\Modules\pspulumiyaml.azurenative.intune"
"1755","pspulumiyaml.azurenative.iotcentral","C:\Program Files\WindowsPowerShell\Modules\pspulumiyaml.azurenative.iotcentral"
"1756","pspulumiyaml.azurenative.iotsecurity","C:\Program Files\WindowsPowerShell\Modules\pspulumiyaml.azurenative.iotsecurity"
"1757","pspulumiyaml.azurenative.keyvault","C:\Program Files\WindowsPowerShell\Modules\pspulumiyaml.azurenative.keyvault"
"1758","pspulumiyaml.azurenative.kubernetes","C:\Program Files\WindowsPowerShell\Modules\pspulumiyaml.azurenative.kubernetes"
"1759","pspulumiyaml.azurenative.kubernetesconfiguration","C:\Program Files\WindowsPowerShell\Modules\pspulumiyaml.azurenative.kubernetesconfiguration"
"1760","pspulumiyaml.azurenative.kusto","C:\Program Files\WindowsPowerShell\Modules\pspulumiyaml.azurenative.kusto"
"1761","pspulumiyaml.azurenative.labservices","C:\Program Files\WindowsPowerShell\Modules\pspulumiyaml.azurenative.labservices"
"1762","pspulumiyaml.azurenative.loadtestservice","C:\Program Files\WindowsPowerShell\Modules\pspulumiyaml.azurenative.loadtestservice"
"1763","pspulumiyaml.azurenative.logic","C:\Program Files\WindowsPowerShell\Modules\pspulumiyaml.azurenative.logic"
"1764","pspulumiyaml.azurenative.logz","C:\Program Files\WindowsPowerShell\Modules\pspulumiyaml.azurenative.logz"
"1765","pspulumiyaml.azurenative.m365securityandcompliance","C:\Program Files\WindowsPowerShell\Modules\pspulumiyaml.azurenative.m365securityandcompliance"
"1766","pspulumiyaml.azurenative.machinelearning","C:\Program Files\WindowsPowerShell\Modules\pspulumiyaml.azurenative.machinelearning"
"1767","pspulumiyaml.azurenative.machinelearningcompute","C:\Program Files\WindowsPowerShell\Modules\pspulumiyaml.azurenative.machinelearningcompute"
"1768","pspulumiyaml.azurenative.machinelearningexperimentation","C:\Program Files\WindowsPowerShell\Modules\pspulumiyaml.azurenative.machinelearningexperimentation"
"1769","pspulumiyaml.azurenative.machinelearningservices","C:\Program Files\WindowsPowerShell\Modules\pspulumiyaml.azurenative.machinelearningservices"
"1770","pspulumiyaml.azurenative.maintenance","C:\Program Files\WindowsPowerShell\Modules\pspulumiyaml.azurenative.maintenance"
"1771","pspulumiyaml.azurenative.managedidentity","C:\Program Files\WindowsPowerShell\Modules\pspulumiyaml.azurenative.managedidentity"
"1772","pspulumiyaml.azurenative.managednetwork","C:\Program Files\WindowsPowerShell\Modules\pspulumiyaml.azurenative.managednetwork"
"1773","pspulumiyaml.azurenative.managedservices","C:\Program Files\WindowsPowerShell\Modules\pspulumiyaml.azurenative.managedservices"
"1774","pspulumiyaml.azurenative.management","C:\Program Files\WindowsPowerShell\Modules\pspulumiyaml.azurenative.management"
"1775","pspulumiyaml.azurenative.managementpartner","C:\Program Files\WindowsPowerShell\Modules\pspulumiyaml.azurenative.managementpartner"
"1776","pspulumiyaml.azurenative.maps","C:\Program Files\WindowsPowerShell\Modules\pspulumiyaml.azurenative.maps"
"1777","pspulumiyaml.azurenative.marketplace","C:\Program Files\WindowsPowerShell\Modules\pspulumiyaml.azurenative.marketplace"
"1778","pspulumiyaml.azurenative.media","C:\Program Files\WindowsPowerShell\Modules\pspulumiyaml.azurenative.media"
"1779","pspulumiyaml.azurenative.migrate","C:\Program Files\WindowsPowerShell\Modules\pspulumiyaml.azurenative.migrate"
"1780","pspulumiyaml.azurenative.mixedreality","C:\Program Files\WindowsPowerShell\Modules\pspulumiyaml.azurenative.mixedreality"
"1781","pspulumiyaml.azurenative.mobilenetwork","C:\Program Files\WindowsPowerShell\Modules\pspulumiyaml.azurenative.mobilenetwork"
"1782","pspulumiyaml.azurenative.netapp","C:\Program Files\WindowsPowerShell\Modules\pspulumiyaml.azurenative.netapp"
"1783","pspulumiyaml.azurenative.network","C:\Program Files\WindowsPowerShell\Modules\pspulumiyaml.azurenative.network"
"1784","pspulumiyaml.azurenative.networkfunction","C:\Program Files\WindowsPowerShell\Modules\pspulumiyaml.azurenative.networkfunction"
"1785","pspulumiyaml.azurenative.notificationhubs","C:\Program Files\WindowsPowerShell\Modules\pspulumiyaml.azurenative.notificationhubs"
"1786","pspulumiyaml.azurenative.offazure","C:\Program Files\WindowsPowerShell\Modules\pspulumiyaml.azurenative.offazure"
"1787","pspulumiyaml.azurenative.openenergyplatform","C:\Program Files\WindowsPowerShell\Modules\pspulumiyaml.azurenative.openenergyplatform"
"1788","pspulumiyaml.azurenative.operationalinsights","C:\Program Files\WindowsPowerShell\Modules\pspulumiyaml.azurenative.operationalinsights"
"1789","pspulumiyaml.azurenative.operationsmanagement","C:\Program Files\WindowsPowerShell\Modules\pspulumiyaml.azurenative.operationsmanagement"
"1790","pspulumiyaml.azurenative.orbital","C:\Program Files\WindowsPowerShell\Modules\pspulumiyaml.azurenative.orbital"
"1791","pspulumiyaml.azurenative.peering","C:\Program Files\WindowsPowerShell\Modules\pspulumiyaml.azurenative.peering"
"1792","pspulumiyaml.azurenative.policyinsights","C:\Program Files\WindowsPowerShell\Modules\pspulumiyaml.azurenative.policyinsights"
"1793","pspulumiyaml.azurenative.portal","C:\Program Files\WindowsPowerShell\Modules\pspulumiyaml.azurenative.portal"
"1794","pspulumiyaml.azurenative.powerbi","C:\Program Files\WindowsPowerShell\Modules\pspulumiyaml.azurenative.powerbi"
"1795","pspulumiyaml.azurenative.powerbidedicated","C:\Program Files\WindowsPowerShell\Modules\pspulumiyaml.azurenative.powerbidedicated"
"1796","pspulumiyaml.azurenative.powerplatform","C:\Program Files\WindowsPowerShell\Modules\pspulumiyaml.azurenative.powerplatform"
"1797","pspulumiyaml.azurenative.providerhub","C:\Program Files\WindowsPowerShell\Modules\pspulumiyaml.azurenative.providerhub"
"1798","pspulumiyaml.azurenative.purview","C:\Program Files\WindowsPowerShell\Modules\pspulumiyaml.azurenative.purview"
"1799","pspulumiyaml.azurenative.quantum","C:\Program Files\WindowsPowerShell\Modules\pspulumiyaml.azurenative.quantum"
"1800","pspulumiyaml.azurenative.recommendationsservice","C:\Program Files\WindowsPowerShell\Modules\pspulumiyaml.azurenative.recommendationsservice"
"1801","pspulumiyaml.azurenative.recoveryservices","C:\Program Files\WindowsPowerShell\Modules\pspulumiyaml.azurenative.recoveryservices"
"1802","pspulumiyaml.azurenative.redhatopenshift","C:\Program Files\WindowsPowerShell\Modules\pspulumiyaml.azurenative.redhatopenshift"
"1803","pspulumiyaml.azurenative.relay","C:\Program Files\WindowsPowerShell\Modules\pspulumiyaml.azurenative.relay"
"1804","pspulumiyaml.azurenative.resourceconnector","C:\Program Files\WindowsPowerShell\Modules\pspulumiyaml.azurenative.resourceconnector"
"1805","pspulumiyaml.azurenative.resourcegraph","C:\Program Files\WindowsPowerShell\Modules\pspulumiyaml.azurenative.resourcegraph"
"1806","pspulumiyaml.azurenative.resources","C:\Program Files\WindowsPowerShell\Modules\pspulumiyaml.azurenative.resources"
"1807","pspulumiyaml.azurenative.saas","C:\Program Files\WindowsPowerShell\Modules\pspulumiyaml.azurenative.saas"
"1808","pspulumiyaml.azurenative.scheduler","C:\Program Files\WindowsPowerShell\Modules\pspulumiyaml.azurenative.scheduler"
"1809","pspulumiyaml.azurenative.scvmm","C:\Program Files\WindowsPowerShell\Modules\pspulumiyaml.azurenative.scvmm"
"1810","pspulumiyaml.azurenative.search","C:\Program Files\WindowsPowerShell\Modules\pspulumiyaml.azurenative.search"
"1811","pspulumiyaml.azurenative.security","C:\Program Files\WindowsPowerShell\Modules\pspulumiyaml.azurenative.security"
"1812","pspulumiyaml.azurenative.securityandcompliance","C:\Program Files\WindowsPowerShell\Modules\pspulumiyaml.azurenative.securityandcompliance"
"1813","pspulumiyaml.azurenative.securityinsights","C:\Program Files\WindowsPowerShell\Modules\pspulumiyaml.azurenative.securityinsights"
"1814","pspulumiyaml.azurenative.serialconsole","C:\Program Files\WindowsPowerShell\Modules\pspulumiyaml.azurenative.serialconsole"
"1815","pspulumiyaml.azurenative.servicebus","C:\Program Files\WindowsPowerShell\Modules\pspulumiyaml.azurenative.servicebus"
"1816","pspulumiyaml.azurenative.servicefabric","C:\Program Files\WindowsPowerShell\Modules\pspulumiyaml.azurenative.servicefabric"
"1817","pspulumiyaml.azurenative.servicefabricmesh","C:\Program Files\WindowsPowerShell\Modules\pspulumiyaml.azurenative.servicefabricmesh"
"1818","pspulumiyaml.azurenative.servicelinker","C:\Program Files\WindowsPowerShell\Modules\pspulumiyaml.azurenative.servicelinker"
"1819","pspulumiyaml.azurenative.signalrservice","C:\Program Files\WindowsPowerShell\Modules\pspulumiyaml.azurenative.signalrservice"
"1820","pspulumiyaml.azurenative.softwareplan","C:\Program Files\WindowsPowerShell\Modules\pspulumiyaml.azurenative.softwareplan"
"1821","pspulumiyaml.azurenative.solutions","C:\Program Files\WindowsPowerShell\Modules\pspulumiyaml.azurenative.solutions"
"1822","pspulumiyaml.azurenative.sql","C:\Program Files\WindowsPowerShell\Modules\pspulumiyaml.azurenative.sql"
"1823","pspulumiyaml.azurenative.sqlvirtualmachine","C:\Program Files\WindowsPowerShell\Modules\pspulumiyaml.azurenative.sqlvirtualmachine"
"1824","pspulumiyaml.azurenative.storage","C:\Program Files\WindowsPowerShell\Modules\pspulumiyaml.azurenative.storage"
"1825","pspulumiyaml.azurenative.storagecache","C:\Program Files\WindowsPowerShell\Modules\pspulumiyaml.azurenative.storagecache"
"1826","pspulumiyaml.azurenative.storagepool","C:\Program Files\WindowsPowerShell\Modules\pspulumiyaml.azurenative.storagepool"
"1827","pspulumiyaml.azurenative.storagesync","C:\Program Files\WindowsPowerShell\Modules\pspulumiyaml.azurenative.storagesync"
"1828","pspulumiyaml.azurenative.storsimple","C:\Program Files\WindowsPowerShell\Modules\pspulumiyaml.azurenative.storsimple"
"1829","pspulumiyaml.azurenative.streamanalytics","C:\Program Files\WindowsPowerShell\Modules\pspulumiyaml.azurenative.streamanalytics"
"1830","pspulumiyaml.azurenative.subscription","C:\Program Files\WindowsPowerShell\Modules\pspulumiyaml.azurenative.subscription"
"1831","pspulumiyaml.azurenative.synapse","C:\Program Files\WindowsPowerShell\Modules\pspulumiyaml.azurenative.synapse"
"1832","pspulumiyaml.azurenative.testbase","C:\Program Files\WindowsPowerShell\Modules\pspulumiyaml.azurenative.testbase"
"1833","pspulumiyaml.azurenative.timeseriesinsights","C:\Program Files\WindowsPowerShell\Modules\pspulumiyaml.azurenative.timeseriesinsights"
"1834","pspulumiyaml.azurenative.videoanalyzer","C:\Program Files\WindowsPowerShell\Modules\pspulumiyaml.azurenative.videoanalyzer"
"1835","pspulumiyaml.azurenative.videoindexer","C:\Program Files\WindowsPowerShell\Modules\pspulumiyaml.azurenative.videoindexer"
"1836","pspulumiyaml.azurenative.virtualmachineimages","C:\Program Files\WindowsPowerShell\Modules\pspulumiyaml.azurenative.virtualmachineimages"
"1837","pspulumiyaml.azurenative.visualstudio","C:\Program Files\WindowsPowerShell\Modules\pspulumiyaml.azurenative.visualstudio"
"1838","pspulumiyaml.azurenative.vmwarecloudsimple","C:\Program Files\WindowsPowerShell\Modules\pspulumiyaml.azurenative.vmwarecloudsimple"
"1839","pspulumiyaml.azurenative.web","C:\Program Files\WindowsPowerShell\Modules\pspulumiyaml.azurenative.web"
"1840","pspulumiyaml.azurenative.webpubsub","C:\Program Files\WindowsPowerShell\Modules\pspulumiyaml.azurenative.webpubsub"
"1841","pspulumiyaml.azurenative.windowsesu","C:\Program Files\WindowsPowerShell\Modules\pspulumiyaml.azurenative.windowsesu"
"1842","pspulumiyaml.azurenative.windowsiot","C:\Program Files\WindowsPowerShell\Modules\pspulumiyaml.azurenative.windowsiot"
"1843","pspulumiyaml.azurenative.workloads","C:\Program Files\WindowsPowerShell\Modules\pspulumiyaml.azurenative.workloads"
"1844","PSReadLine","C:\Program Files\WindowsPowerShell\Modules\PSReadLine"
"1845","PSRule","C:\Program Files\WindowsPowerShell\Modules\PSRule"
"1846","PSRule.Rules.Azure","C:\Program Files\WindowsPowerShell\Modules\PSRule.Rules.Azure"
"1847","PSRule.Rules.AzureDevOps","C:\Program Files\WindowsPowerShell\Modules\PSRule.Rules.AzureDevOps"
"1848","PSSlack","C:\Program Files\WindowsPowerShell\Modules\PSSlack"
"1849","PSSQLite","C:\Program Files\WindowsPowerShell\Modules\PSSQLite"
"1850","PSWinDocumentation.AzureHealthService","C:\Program Files\WindowsPowerShell\Modules\PSWinDocumentation.AzureHealthService"
"1851","PwrRazzle","C:\Program Files\WindowsPowerShell\Modules\PwrRazzle"
"1852","PwshAzContainer","C:\Program Files\WindowsPowerShell\Modules\PwshAzContainer"
"1853","PwshAzCosmosDB","C:\Program Files\WindowsPowerShell\Modules\PwshAzCosmosDB"
"1854","Refactor","C:\Program Files\WindowsPowerShell\Modules\Refactor"
"1855","Remove-AzVMDisksNICsPIPs","C:\Program Files\WindowsPowerShell\Modules\Remove-AzVMDisksNICsPIPs"
"1856","Rename-AzVm","C:\Program Files\WindowsPowerShell\Modules\Rename-AzVm"
"1857","Repair-AzVM","C:\Program Files\WindowsPowerShell\Modules\Repair-AzVM"
"1858","RestConnect","C:\Program Files\WindowsPowerShell\Modules\RestConnect"
"1859","Revo.Az","C:\Program Files\WindowsPowerShell\Modules\Revo.Az"
"1860","RPGDice","C:\Program Files\WindowsPowerShell\Modules\RPGDice"
"1861","RVR.AZPipelineTools","C:\Program Files\WindowsPowerShell\Modules\RVR.AZPipelineTools"
"1862","SACRED.Rotate.Azure.CosmosDB","C:\Program Files\WindowsPowerShell\Modules\SACRED.Rotate.Azure.CosmosDB"
"1863","SACRED.Rotate.Azure.ServicePrincipal","C:\Program Files\WindowsPowerShell\Modules\SACRED.Rotate.Azure.ServicePrincipal"
"1864","SACRED.Update.Azure.KeyVault","C:\Program Files\WindowsPowerShell\Modules\SACRED.Update.Azure.KeyVault"
"1865","SACRED.Util.Azure","C:\Program Files\WindowsPowerShell\Modules\SACRED.Util.Azure"
"1866","Sampler.AzureDevOpsTasks","C:\Program Files\WindowsPowerShell\Modules\Sampler.AzureDevOpsTasks"
"1867","SAPAzurePowerShellModules","C:\Program Files\WindowsPowerShell\Modules\SAPAzurePowerShellModules"
"1868","SCOrchDev-AzureAutomationIntegration","C:\Program Files\WindowsPowerShell\Modules\SCOrchDev-AzureAutomationIntegration"
"1869","SCOrchDev-Exception","C:\Program Files\WindowsPowerShell\Modules\SCOrchDev-Exception"
"1870","SCOrchDev-File","C:\Program Files\WindowsPowerShell\Modules\SCOrchDev-File"
"1871","SCOrchDev-GitIntegration","C:\Program Files\WindowsPowerShell\Modules\SCOrchDev-GitIntegration"
"1872","SCOrchDev-Utility","C:\Program Files\WindowsPowerShell\Modules\SCOrchDev-Utility"
"1873","Set-AzAdvancedContext","C:\Program Files\WindowsPowerShell\Modules\Set-AzAdvancedContext"
"1874","SHiPS","C:\Program Files\WindowsPowerShell\Modules\SHiPS"
"1875","SimpleAzureDevOps","C:\Program Files\WindowsPowerShell\Modules\SimpleAzureDevOps"
"1876","SitecoreInstallAzure","C:\Program Files\WindowsPowerShell\Modules\SitecoreInstallAzure"
"1877","SixPivot.Azure","C:\Program Files\WindowsPowerShell\Modules\SixPivot.Azure"
"1878","sjAzureTools","C:\Program Files\WindowsPowerShell\Modules\sjAzureTools"
"1879","SkunkLabAzure","C:\Program Files\WindowsPowerShell\Modules\SkunkLabAzure"
"1880","SmartPlanets.AzureUtilities","C:\Program Files\WindowsPowerShell\Modules\SmartPlanets.AzureUtilities"
"1881","spec.azure.tables","C:\Program Files\WindowsPowerShell\Modules\spec.azure.tables"
"1882","SpecAzTables","C:\Program Files\WindowsPowerShell\Modules\SpecAzTables"
"1883","SpecAzTableStorageTools","C:\Program Files\WindowsPowerShell\Modules\SpecAzTableStorageTools"
"1884","Split-AzResourceID","C:\Program Files\WindowsPowerShell\Modules\Split-AzResourceID"
"1885","Taskal.Azure.Modules","C:\Program Files\WindowsPowerShell\Modules\Taskal.Azure.Modules"
"1886","TMConsole.Provider.Amazon.MGN","C:\Program Files\WindowsPowerShell\Modules\TMConsole.Provider.Amazon.MGN"
"1887","Trackyon.Utils","C:\Program Files\WindowsPowerShell\Modules\Trackyon.Utils"
"1888","UMN-Azure","C:\Program Files\WindowsPowerShell\Modules\UMN-Azure"
"1889","UncommonSense.AzureDevops.Logging","C:\Program Files\WindowsPowerShell\Modules\UncommonSense.AzureDevops.Logging"
"1890","UniversalDashboard.Azure","C:\Program Files\WindowsPowerShell\Modules\UniversalDashboard.Azure"
"1891","Update-ImmutableIDAzureAD","C:\Program Files\WindowsPowerShell\Modules\Update-ImmutableIDAzureAD"
"1892","Use-AzureAD","C:\Program Files\WindowsPowerShell\Modules\Use-AzureAD"
"1893","VcRedist","C:\Program Files\WindowsPowerShell\Modules\VcRedist"
"1894","VSTeam","C:\Program Files\WindowsPowerShell\Modules\VSTeam"
"1895","VstsTaskSdk","C:\Program Files\WindowsPowerShell\Modules\VstsTaskSdk"
"1896","WakeUpAzureWebApp","C:\Program Files\WindowsPowerShell\Modules\WakeUpAzureWebApp"
"1897","Write-AzLogEntry","C:\Program Files\WindowsPowerShell\Modules\Write-AzLogEntry"
"1898","xActiveDirectory","C:\Program Files\WindowsPowerShell\Modules\xActiveDirectory"
"1899","XAz","C:\Program Files\WindowsPowerShell\Modules\XAz"
"1900","xAzure","C:\Program Files\WindowsPowerShell\Modules\xAzure"
"1901","xAzurePack","C:\Program Files\WindowsPowerShell\Modules\xAzurePack"
"1902","xAzureTempDrive","C:\Program Files\WindowsPowerShell\Modules\xAzureTempDrive"
"1903","xDhcpServer","C:\Program Files\WindowsPowerShell\Modules\xDhcpServer"
"1904","xDnsServer","C:\Program Files\WindowsPowerShell\Modules\xDnsServer"
"1988","AppBackgroundTask","C:\WINDOWS\system32\WindowsPowerShell\v1.0\Modules\AppBackgroundTask"
"1989","AppLocker","C:\WINDOWS\system32\WindowsPowerShell\v1.0\Modules\AppLocker"
"1990","AppvClient","C:\WINDOWS\system32\WindowsPowerShell\v1.0\Modules\AppvClient"
"1991","Appx","C:\WINDOWS\system32\WindowsPowerShell\v1.0\Modules\Appx"
"1992","AssignedAccess","C:\WINDOWS\system32\WindowsPowerShell\v1.0\Modules\AssignedAccess"
"1993","BitLocker","C:\WINDOWS\system32\WindowsPowerShell\v1.0\Modules\BitLocker"
"1994","BitsTransfer","C:\WINDOWS\system32\WindowsPowerShell\v1.0\Modules\BitsTransfer"
"1995","BranchCache","C:\WINDOWS\system32\WindowsPowerShell\v1.0\Modules\BranchCache"
"1996","CimCmdlets","C:\WINDOWS\system32\WindowsPowerShell\v1.0\Modules\CimCmdlets"
"1997","ConfigCI","C:\WINDOWS\system32\WindowsPowerShell\v1.0\Modules\ConfigCI"
"1998","ConfigDefender","C:\WINDOWS\system32\WindowsPowerShell\v1.0\Modules\ConfigDefender"
"1999","ConfigDefenderPerformance","C:\WINDOWS\system32\WindowsPowerShell\v1.0\Modules\ConfigDefenderPerformance"
"2000","Defender","C:\WINDOWS\system32\WindowsPowerShell\v1.0\Modules\Defender"
"2001","DefenderPerformance","C:\WINDOWS\system32\WindowsPowerShell\v1.0\Modules\DefenderPerformance"
"2002","DeliveryOptimization","C:\WINDOWS\system32\WindowsPowerShell\v1.0\Modules\DeliveryOptimization"
"2003","DirectAccessClientComponents","C:\WINDOWS\system32\WindowsPowerShell\v1.0\Modules\DirectAccessClientComponents"
"2004","Dism","C:\WINDOWS\system32\WindowsPowerShell\v1.0\Modules\Dism"
"2005","DnsClient","C:\WINDOWS\system32\WindowsPowerShell\v1.0\Modules\DnsClient"
"2006","EventTracingManagement","C:\WINDOWS\system32\WindowsPowerShell\v1.0\Modules\EventTracingManagement"
"2007","Get-NetView","C:\WINDOWS\system32\WindowsPowerShell\v1.0\Modules\Get-NetView"
"2008","HostNetworkingService","C:\WINDOWS\system32\WindowsPowerShell\v1.0\Modules\HostNetworkingService"
"2009","International","C:\WINDOWS\system32\WindowsPowerShell\v1.0\Modules\International"
"2010","iSCSI","C:\WINDOWS\system32\WindowsPowerShell\v1.0\Modules\iSCSI"
"2011","ISE","C:\WINDOWS\system32\WindowsPowerShell\v1.0\Modules\ISE"
"2012","Kds","C:\WINDOWS\system32\WindowsPowerShell\v1.0\Modules\Kds"
"2013","LanguagePackManagement","C:\WINDOWS\system32\WindowsPowerShell\v1.0\Modules\LanguagePackManagement"
"2014","LAPS","C:\WINDOWS\system32\WindowsPowerShell\v1.0\Modules\LAPS"
"2015","Microsoft.PowerShell.Archive","C:\WINDOWS\system32\WindowsPowerShell\v1.0\Modules\Microsoft.PowerShell.Archive"
"2016","Microsoft.PowerShell.Diagnostics","C:\WINDOWS\system32\WindowsPowerShell\v1.0\Modules\Microsoft.PowerShell.Diagnostics"
"2017","Microsoft.PowerShell.Host","C:\WINDOWS\system32\WindowsPowerShell\v1.0\Modules\Microsoft.PowerShell.Host"
"2018","Microsoft.PowerShell.LocalAccounts","C:\WINDOWS\system32\WindowsPowerShell\v1.0\Modules\Microsoft.PowerShell.LocalAccounts"
"2019","Microsoft.PowerShell.Management","C:\WINDOWS\system32\WindowsPowerShell\v1.0\Modules\Microsoft.PowerShell.Management"
"2020","Microsoft.PowerShell.ODataUtils","C:\WINDOWS\system32\WindowsPowerShell\v1.0\Modules\Microsoft.PowerShell.ODataUtils"
"2021","Microsoft.PowerShell.Security","C:\WINDOWS\system32\WindowsPowerShell\v1.0\Modules\Microsoft.PowerShell.Security"
"2022","Microsoft.PowerShell.Utility","C:\WINDOWS\system32\WindowsPowerShell\v1.0\Modules\Microsoft.PowerShell.Utility"
"2023","Microsoft.Windows.Bcd.Cmdlets","C:\WINDOWS\system32\WindowsPowerShell\v1.0\Modules\Microsoft.Windows.Bcd.Cmdlets"
"2024","Microsoft.WSMan.Management","C:\WINDOWS\system32\WindowsPowerShell\v1.0\Modules\Microsoft.WSMan.Management"
"2025","MMAgent","C:\WINDOWS\system32\WindowsPowerShell\v1.0\Modules\MMAgent"
"2026","MsDtc","C:\WINDOWS\system32\WindowsPowerShell\v1.0\Modules\MsDtc"
"2027","NetAdapter","C:\WINDOWS\system32\WindowsPowerShell\v1.0\Modules\NetAdapter"
"2028","NetConnection","C:\WINDOWS\system32\WindowsPowerShell\v1.0\Modules\NetConnection"
"2029","NetEventPacketCapture","C:\WINDOWS\system32\WindowsPowerShell\v1.0\Modules\NetEventPacketCapture"
"2030","NetLbfo","C:\WINDOWS\system32\WindowsPowerShell\v1.0\Modules\NetLbfo"
"2031","NetNat","C:\WINDOWS\system32\WindowsPowerShell\v1.0\Modules\NetNat"
"2032","NetQos","C:\WINDOWS\system32\WindowsPowerShell\v1.0\Modules\NetQos"
"2033","NetSecurity","C:\WINDOWS\system32\WindowsPowerShell\v1.0\Modules\NetSecurity"
"2034","NetSwitchTeam","C:\WINDOWS\system32\WindowsPowerShell\v1.0\Modules\NetSwitchTeam"
"2035","NetTCPIP","C:\WINDOWS\system32\WindowsPowerShell\v1.0\Modules\NetTCPIP"
"2036","NetworkConnectivityStatus","C:\WINDOWS\system32\WindowsPowerShell\v1.0\Modules\NetworkConnectivityStatus"
"2037","NetworkSwitchManager","C:\WINDOWS\system32\WindowsPowerShell\v1.0\Modules\NetworkSwitchManager"
"2038","NetworkTransition","C:\WINDOWS\system32\WindowsPowerShell\v1.0\Modules\NetworkTransition"
"2039","PcsvDevice","C:\WINDOWS\system32\WindowsPowerShell\v1.0\Modules\PcsvDevice"
"2040","PersistentMemory","C:\WINDOWS\system32\WindowsPowerShell\v1.0\Modules\PersistentMemory"
"2041","PKI","C:\WINDOWS\system32\WindowsPowerShell\v1.0\Modules\PKI"
"2042","PnpDevice","C:\WINDOWS\system32\WindowsPowerShell\v1.0\Modules\PnpDevice"
"2043","PrintManagement","C:\WINDOWS\system32\WindowsPowerShell\v1.0\Modules\PrintManagement"
"2044","ProcessMitigations","C:\WINDOWS\system32\WindowsPowerShell\v1.0\Modules\ProcessMitigations"
"2045","Provisioning","C:\WINDOWS\system32\WindowsPowerShell\v1.0\Modules\Provisioning"
"2046","PSDesiredStateConfiguration","C:\WINDOWS\system32\WindowsPowerShell\v1.0\Modules\PSDesiredStateConfiguration"
"2047","PSDiagnostics","C:\WINDOWS\system32\WindowsPowerShell\v1.0\Modules\PSDiagnostics"
"2048","PSScheduledJob","C:\WINDOWS\system32\WindowsPowerShell\v1.0\Modules\PSScheduledJob"
"2049","PSWorkflow","C:\WINDOWS\system32\WindowsPowerShell\v1.0\Modules\PSWorkflow"
"2050","PSWorkflowUtility","C:\WINDOWS\system32\WindowsPowerShell\v1.0\Modules\PSWorkflowUtility"
"2051","ScheduledTasks","C:\WINDOWS\system32\WindowsPowerShell\v1.0\Modules\ScheduledTasks"
"2052","SecureBoot","C:\WINDOWS\system32\WindowsPowerShell\v1.0\Modules\SecureBoot"
"2053","SmbShare","C:\WINDOWS\system32\WindowsPowerShell\v1.0\Modules\SmbShare"
"2054","SmbWitness","C:\WINDOWS\system32\WindowsPowerShell\v1.0\Modules\SmbWitness"
"2055","StartLayout","C:\WINDOWS\system32\WindowsPowerShell\v1.0\Modules\StartLayout"
"2056","Storage","C:\WINDOWS\system32\WindowsPowerShell\v1.0\Modules\Storage"
"2057","StorageBusCache","C:\WINDOWS\system32\WindowsPowerShell\v1.0\Modules\StorageBusCache"
"2058","TLS","C:\WINDOWS\system32\WindowsPowerShell\v1.0\Modules\TLS"
"2059","TroubleshootingPack","C:\WINDOWS\system32\WindowsPowerShell\v1.0\Modules\TroubleshootingPack"
"2060","TrustedPlatformModule","C:\WINDOWS\system32\WindowsPowerShell\v1.0\Modules\TrustedPlatformModule"
"2061","UEV","C:\WINDOWS\system32\WindowsPowerShell\v1.0\Modules\UEV"
"2062","VMDirectStorage","C:\WINDOWS\system32\WindowsPowerShell\v1.0\Modules\VMDirectStorage"
"2063","VpnClient","C:\WINDOWS\system32\WindowsPowerShell\v1.0\Modules\VpnClient"
"2064","Wdac","C:\WINDOWS\system32\WindowsPowerShell\v1.0\Modules\Wdac"
"2065","Whea","C:\WINDOWS\system32\WindowsPowerShell\v1.0\Modules\Whea"
"2066","WindowsDeveloperLicense","C:\WINDOWS\system32\WindowsPowerShell\v1.0\Modules\WindowsDeveloperLicense"
"2067","WindowsErrorReporting","C:\WINDOWS\system32\WindowsPowerShell\v1.0\Modules\WindowsErrorReporting"
"2068","WindowsSearch","C:\WINDOWS\system32\WindowsPowerShell\v1.0\Modules\WindowsSearch"
"2069","WindowsUpdate","C:\WINDOWS\system32\WindowsPowerShell\v1.0\Modules\WindowsUpdate"
"2070","WinHttpProxy","C:\WINDOWS\system32\WindowsPowerShell\v1.0\Modules\WinHttpProxy"
