"Count","Name","Path"
"952","3LCourseAZ040","C:\Program Files\WindowsPowerShell\Modules\3LCourseAZ040"
"952","Add-AzFirewallRule","C:\Program Files\WindowsPowerShell\Modules\Add-AzFirewallRule"
"952","AdoAzureHelper","C:\Program Files\WindowsPowerShell\Modules\AdoAzureHelper"
"952","AdobeUM.AzureAD","C:\Program Files\WindowsPowerShell\Modules\AdobeUM.AzureAD"
"952","Altazion","C:\Program Files\WindowsPowerShell\Modules\Altazion"
"952","Altazion.Shell","C:\Program Files\WindowsPowerShell\Modules\Altazion.Shell"
"952","AmazonAthenaCmdlets","C:\Program Files\WindowsPowerShell\Modules\AmazonAthenaCmdlets"
"952","AmazonDynamoDBCmdlets","C:\Program Files\WindowsPowerShell\Modules\AmazonDynamoDBCmdlets"
"952","AmazonMarketplaceCmdlets","C:\Program Files\WindowsPowerShell\Modules\AmazonMarketplaceCmdlets"
"952","AmazonS3Cmdlets","C:\Program Files\WindowsPowerShell\Modules\AmazonS3Cmdlets"
"952","AsBuiltReport.Microsoft.Azure","C:\Program Files\WindowsPowerShell\Modules\AsBuiltReport.Microsoft.Azure"
"952","Avanade.ArmTools","C:\Program Files\WindowsPowerShell\Modules\Avanade.ArmTools"
"952","Avanade.Azure.Models","C:\Program Files\WindowsPowerShell\Modules\Avanade.Azure.Models"
"952","Avanade.AzureAD","C:\Program Files\WindowsPowerShell\Modules\Avanade.AzureAD"
"952","Avanade.AzureAD.Graph","C:\Program Files\WindowsPowerShell\Modules\Avanade.AzureAD.Graph"
"952","Avanade.AzureReports","C:\Program Files\WindowsPowerShell\Modules\Avanade.AzureReports"
"952","Avanade.AzureStorage","C:\Program Files\WindowsPowerShell\Modules\Avanade.AzureStorage"
"952","Avanade.AzureVault","C:\Program Files\WindowsPowerShell\Modules\Avanade.AzureVault"
"952","AWS.Tools.Common","C:\Program Files\WindowsPowerShell\Modules\AWS.Tools.Common"
"952","AWS.Tools.DataZone","C:\Program Files\WindowsPowerShell\Modules\AWS.Tools.DataZone"
"952","AWS.Tools.EC2","C:\Program Files\WindowsPowerShell\Modules\AWS.Tools.EC2"
"952","AWS.Tools.Mgn","C:\Program Files\WindowsPowerShell\Modules\AWS.Tools.Mgn"
"952","AxAzureBlueprint","C:\Program Files\WindowsPowerShell\Modules\AxAzureBlueprint"
"952","Az","C:\Program Files\WindowsPowerShell\Modules\Az"
"952","Az.Accounts","C:\Program Files\WindowsPowerShell\Modules\Az.Accounts"
"952","Az.ActivityLogAlert","C:\Program Files\WindowsPowerShell\Modules\Az.ActivityLogAlert"
"952","Az.ADDomainServices","C:\Program Files\WindowsPowerShell\Modules\Az.ADDomainServices"
"952","Az.Adm","C:\Program Files\WindowsPowerShell\Modules\Az.Adm"
"952","Az.Advisor","C:\Program Files\WindowsPowerShell\Modules\Az.Advisor"
"952","Az.Aks","C:\Program Files\WindowsPowerShell\Modules\Az.Aks"
"952","Az.AksArc","C:\Program Files\WindowsPowerShell\Modules\Az.AksArc"
"952","Az.Alb","C:\Program Files\WindowsPowerShell\Modules\Az.Alb"
"952","Az.AlertsManagement","C:\Program Files\WindowsPowerShell\Modules\Az.AlertsManagement"
"952","Az.AnalysisServices","C:\Program Files\WindowsPowerShell\Modules\Az.AnalysisServices"
"952","Az.ApiManagement","C:\Program Files\WindowsPowerShell\Modules\Az.ApiManagement"
"952","Az.App","C:\Program Files\WindowsPowerShell\Modules\Az.App"
"952","Az.AppComplianceAutomation","C:\Program Files\WindowsPowerShell\Modules\Az.AppComplianceAutomation"
"952","Az.AppConfiguration","C:\Program Files\WindowsPowerShell\Modules\Az.AppConfiguration"
"952","Az.ApplicationInsights","C:\Program Files\WindowsPowerShell\Modules\Az.ApplicationInsights"
"952","Az.ArcResourceBridge","C:\Program Files\WindowsPowerShell\Modules\Az.ArcResourceBridge"
"952","Az.Astro","C:\Program Files\WindowsPowerShell\Modules\Az.Astro"
"952","Az.Attestation","C:\Program Files\WindowsPowerShell\Modules\Az.Attestation"
"952","Az.Automanage","C:\Program Files\WindowsPowerShell\Modules\Az.Automanage"
"952","Az.Automation","C:\Program Files\WindowsPowerShell\Modules\Az.Automation"
"952","Az.Avd","C:\Program Files\WindowsPowerShell\Modules\Az.Avd"
"952","Az.BareMetal","C:\Program Files\WindowsPowerShell\Modules\Az.BareMetal"
"952","Az.Batch","C:\Program Files\WindowsPowerShell\Modules\Az.Batch"
"952","Az.Billing","C:\Program Files\WindowsPowerShell\Modules\Az.Billing"
"952","Az.BillingBenefits","C:\Program Files\WindowsPowerShell\Modules\Az.BillingBenefits"
"952","Az.Blueprint","C:\Program Files\WindowsPowerShell\Modules\Az.Blueprint"
"952","Az.BootStrapper","C:\Program Files\WindowsPowerShell\Modules\Az.BootStrapper"
"952","Az.BotService","C:\Program Files\WindowsPowerShell\Modules\Az.BotService"
"952","Az.Cdn","C:\Program Files\WindowsPowerShell\Modules\Az.Cdn"
"952","Az.ChangeAnalysis","C:\Program Files\WindowsPowerShell\Modules\Az.ChangeAnalysis"
"952","Az.Chaos","C:\Program Files\WindowsPowerShell\Modules\Az.Chaos"
"952","Az.CloneVirtualMachine","C:\Program Files\WindowsPowerShell\Modules\Az.CloneVirtualMachine"
"952","Az.CloudService","C:\Program Files\WindowsPowerShell\Modules\Az.CloudService"
"952","Az.CodeSigning","C:\Program Files\WindowsPowerShell\Modules\Az.CodeSigning"
"952","Az.CognitiveServices","C:\Program Files\WindowsPowerShell\Modules\Az.CognitiveServices"
"952","Az.Communication","C:\Program Files\WindowsPowerShell\Modules\Az.Communication"
"952","Az.Compute","C:\Program Files\WindowsPowerShell\Modules\Az.Compute"
"952","Az.ConfidentialLedger","C:\Program Files\WindowsPowerShell\Modules\Az.ConfidentialLedger"
"952","Az.Confluent","C:\Program Files\WindowsPowerShell\Modules\Az.Confluent"
"952","Az.ConnectedKubernetes","C:\Program Files\WindowsPowerShell\Modules\Az.ConnectedKubernetes"
"952","Az.ConnectedMachine","C:\Program Files\WindowsPowerShell\Modules\Az.ConnectedMachine"
"952","Az.ConnectedNetwork","C:\Program Files\WindowsPowerShell\Modules\Az.ConnectedNetwork"
"952","Az.ConnectedVMware","C:\Program Files\WindowsPowerShell\Modules\Az.ConnectedVMware"
"952","Az.ContainerInstance","C:\Program Files\WindowsPowerShell\Modules\Az.ContainerInstance"
"952","Az.ContainerRegistry","C:\Program Files\WindowsPowerShell\Modules\Az.ContainerRegistry"
"952","Az.CosmosDB","C:\Program Files\WindowsPowerShell\Modules\Az.CosmosDB"
"952","Az.CostManagement","C:\Program Files\WindowsPowerShell\Modules\Az.CostManagement"
"952","Az.CustomLocation","C:\Program Files\WindowsPowerShell\Modules\Az.CustomLocation"
"952","Az.CustomProviders","C:\Program Files\WindowsPowerShell\Modules\Az.CustomProviders"
"952","Az.Dashboard","C:\Program Files\WindowsPowerShell\Modules\Az.Dashboard"
"952","Az.DataBox","C:\Program Files\WindowsPowerShell\Modules\Az.DataBox"
"952","Az.DataBoxEdge","C:\Program Files\WindowsPowerShell\Modules\Az.DataBoxEdge"
"952","Az.Databricks","C:\Program Files\WindowsPowerShell\Modules\Az.Databricks"
"952","Az.Datadog","C:\Program Files\WindowsPowerShell\Modules\Az.Datadog"
"952","Az.DataFactory","C:\Program Files\WindowsPowerShell\Modules\Az.DataFactory"
"952","Az.DataLakeAnalytics","C:\Program Files\WindowsPowerShell\Modules\Az.DataLakeAnalytics"
"952","Az.DataLakeStore","C:\Program Files\WindowsPowerShell\Modules\Az.DataLakeStore"
"952","Az.DataMigration","C:\Program Files\WindowsPowerShell\Modules\Az.DataMigration"
"952","Az.DataProtection","C:\Program Files\WindowsPowerShell\Modules\Az.DataProtection"
"952","Az.DataShare","C:\Program Files\WindowsPowerShell\Modules\Az.DataShare"
"952","Az.DedicatedHsm","C:\Program Files\WindowsPowerShell\Modules\Az.DedicatedHsm"
"952","Az.DesktopVirtualization","C:\Program Files\WindowsPowerShell\Modules\Az.DesktopVirtualization"
"952","Az.DesktopVirtualization.Utility","C:\Program Files\WindowsPowerShell\Modules\Az.DesktopVirtualization.Utility"
"952","Az.DevCenter","C:\Program Files\WindowsPowerShell\Modules\Az.DevCenter"
"952","Az.DeviceProvisioningServices","C:\Program Files\WindowsPowerShell\Modules\Az.DeviceProvisioningServices"
"952","Az.DeviceUpdate","C:\Program Files\WindowsPowerShell\Modules\Az.DeviceUpdate"
"952","Az.DevOps.Blueprint","C:\Program Files\WindowsPowerShell\Modules\Az.DevOps.Blueprint"
"952","Az.DevTestLabs","C:\Program Files\WindowsPowerShell\Modules\Az.DevTestLabs"
"952","Az.DigitalTwins","C:\Program Files\WindowsPowerShell\Modules\Az.DigitalTwins"
"952","Az.DiskPool","C:\Program Files\WindowsPowerShell\Modules\Az.DiskPool"
"952","Az.Dns","C:\Program Files\WindowsPowerShell\Modules\Az.Dns"
"952","Az.DnsResolver","C:\Program Files\WindowsPowerShell\Modules\Az.DnsResolver"
"952","Az.Do","C:\Program Files\WindowsPowerShell\Modules\Az.Do"
"952","Az.DynatraceObservability","C:\Program Files\WindowsPowerShell\Modules\Az.DynatraceObservability"
"952","Az.EdgeOrder","C:\Program Files\WindowsPowerShell\Modules\Az.EdgeOrder"
"952","Az.EdgeZones","C:\Program Files\WindowsPowerShell\Modules\Az.EdgeZones"
"952","Az.Elastic","C:\Program Files\WindowsPowerShell\Modules\Az.Elastic"
"952","Az.ElasticSan","C:\Program Files\WindowsPowerShell\Modules\Az.ElasticSan"
"952","Az.EventGrid","C:\Program Files\WindowsPowerShell\Modules\Az.EventGrid"
"952","Az.EventHub","C:\Program Files\WindowsPowerShell\Modules\Az.EventHub"
"952","Az.Extensions.DynamicDeployment","C:\Program Files\WindowsPowerShell\Modules\Az.Extensions.DynamicDeployment"
"952","Az.FirmwareAnalysis","C:\Program Files\WindowsPowerShell\Modules\Az.FirmwareAnalysis"
"952","Az.Fleet","C:\Program Files\WindowsPowerShell\Modules\Az.Fleet"
"952","Az.FluidRelay","C:\Program Files\WindowsPowerShell\Modules\Az.FluidRelay"
"952","Az.FrontDoor","C:\Program Files\WindowsPowerShell\Modules\Az.FrontDoor"
"952","Az.Functions","C:\Program Files\WindowsPowerShell\Modules\Az.Functions"
"952","Az.GraphServices","C:\Program Files\WindowsPowerShell\Modules\Az.GraphServices"
"952","Az.GuestConfiguration","C:\Program Files\WindowsPowerShell\Modules\Az.GuestConfiguration"
"952","Az.HanaOnAzure","C:\Program Files\WindowsPowerShell\Modules\Az.HanaOnAzure"
"952","Az.HDInsight","C:\Program Files\WindowsPowerShell\Modules\Az.HDInsight"
"952","Az.HdInsightOnAks","C:\Program Files\WindowsPowerShell\Modules\Az.HdInsightOnAks"
"952","Az.HealthBot","C:\Program Files\WindowsPowerShell\Modules\Az.HealthBot"
"952","Az.HealthcareApis","C:\Program Files\WindowsPowerShell\Modules\Az.HealthcareApis"
"952","Az.HPCCache","C:\Program Files\WindowsPowerShell\Modules\Az.HPCCache"
"952","Az.ImageBuilder","C:\Program Files\WindowsPowerShell\Modules\Az.ImageBuilder"
"952","Az.ImageBuilder.Tools","C:\Program Files\WindowsPowerShell\Modules\Az.ImageBuilder.Tools"
"952","Az.ImportExport","C:\Program Files\WindowsPowerShell\Modules\Az.ImportExport"
"952","Az.Informatica","C:\Program Files\WindowsPowerShell\Modules\Az.Informatica"
"952","Az.InfrastructureTesting","C:\Program Files\WindowsPowerShell\Modules\Az.InfrastructureTesting"
"952","Az.IotCentral","C:\Program Files\WindowsPowerShell\Modules\Az.IotCentral"
"952","Az.IotHub","C:\Program Files\WindowsPowerShell\Modules\Az.IotHub"
"952","Az.KeyVault","C:\Program Files\WindowsPowerShell\Modules\Az.KeyVault"
"952","Az.KubernetesConfiguration","C:\Program Files\WindowsPowerShell\Modules\Az.KubernetesConfiguration"
"952","Az.Kusto","C:\Program Files\WindowsPowerShell\Modules\Az.Kusto"
"952","Az.LabServices","C:\Program Files\WindowsPowerShell\Modules\Az.LabServices"
"952","Az.LoadTesting","C:\Program Files\WindowsPowerShell\Modules\Az.LoadTesting"
"952","Az.LogicApp","C:\Program Files\WindowsPowerShell\Modules\Az.LogicApp"
"952","Az.Logz","C:\Program Files\WindowsPowerShell\Modules\Az.Logz"
"952","Az.MachineLearning","C:\Program Files\WindowsPowerShell\Modules\Az.MachineLearning"
"952","Az.MachineLearningServices","C:\Program Files\WindowsPowerShell\Modules\Az.MachineLearningServices"
"952","Az.Maintenance","C:\Program Files\WindowsPowerShell\Modules\Az.Maintenance"
"952","Az.ManagedNetworkFabric","C:\Program Files\WindowsPowerShell\Modules\Az.ManagedNetworkFabric"
"952","Az.ManagedServiceIdentity","C:\Program Files\WindowsPowerShell\Modules\Az.ManagedServiceIdentity"
"952","Az.ManagedServices","C:\Program Files\WindowsPowerShell\Modules\Az.ManagedServices"
"952","Az.ManagementPartner","C:\Program Files\WindowsPowerShell\Modules\Az.ManagementPartner"
"952","Az.Maps","C:\Program Files\WindowsPowerShell\Modules\Az.Maps"
"952","Az.MariaDb","C:\Program Files\WindowsPowerShell\Modules\Az.MariaDb"
"952","Az.Marketplace","C:\Program Files\WindowsPowerShell\Modules\Az.Marketplace"
"952","Az.MarketplaceOrdering","C:\Program Files\WindowsPowerShell\Modules\Az.MarketplaceOrdering"
"952","Az.Media","C:\Program Files\WindowsPowerShell\Modules\Az.Media"
"952","Az.Migrate","C:\Program Files\WindowsPowerShell\Modules\Az.Migrate"
"952","Az.MixedReality","C:\Program Files\WindowsPowerShell\Modules\Az.MixedReality"
"952","Az.MobileNetwork","C:\Program Files\WindowsPowerShell\Modules\Az.MobileNetwork"
"952","Az.Monitor","C:\Program Files\WindowsPowerShell\Modules\Az.Monitor"
"952","Az.MonitoringSolutions","C:\Program Files\WindowsPowerShell\Modules\Az.MonitoringSolutions"
"952","Az.MsiGraphPermissions","C:\Program Files\WindowsPowerShell\Modules\Az.MsiGraphPermissions"
"952","Az.MySql","C:\Program Files\WindowsPowerShell\Modules\Az.MySql"
"952","Az.NetAppFiles","C:\Program Files\WindowsPowerShell\Modules\Az.NetAppFiles"
"952","Az.Network","C:\Program Files\WindowsPowerShell\Modules\Az.Network"
"952","Az.NetworkAnalytics","C:\Program Files\WindowsPowerShell\Modules\Az.NetworkAnalytics"
"952","Az.NetworkCloud","C:\Program Files\WindowsPowerShell\Modules\Az.NetworkCloud"
"952","Az.NetworkFunction","C:\Program Files\WindowsPowerShell\Modules\Az.NetworkFunction"
"952","Az.NewRelic","C:\Program Files\WindowsPowerShell\Modules\Az.NewRelic"
"952","Az.Nginx","C:\Program Files\WindowsPowerShell\Modules\Az.Nginx"
"952","Az.NotificationHubs","C:\Program Files\WindowsPowerShell\Modules\Az.NotificationHubs"
"952","Az.OperationalInsights","C:\Program Files\WindowsPowerShell\Modules\Az.OperationalInsights"
"952","Az.Oracle","C:\Program Files\WindowsPowerShell\Modules\Az.Oracle"
"952","Az.Orbital","C:\Program Files\WindowsPowerShell\Modules\Az.Orbital"
"952","Az.PaloAltoNetworks","C:\Program Files\WindowsPowerShell\Modules\Az.PaloAltoNetworks"
"952","Az.Peering","C:\Program Files\WindowsPowerShell\Modules\Az.Peering"
"952","Az.PolicyInsights","C:\Program Files\WindowsPowerShell\Modules\Az.PolicyInsights"
"952","Az.Portal","C:\Program Files\WindowsPowerShell\Modules\Az.Portal"
"952","Az.PostgreSql","C:\Program Files\WindowsPowerShell\Modules\Az.PostgreSql"
"952","Az.PowerBIEmbedded","C:\Program Files\WindowsPowerShell\Modules\Az.PowerBIEmbedded"
"952","Az.PrivateDns","C:\Program Files\WindowsPowerShell\Modules\Az.PrivateDns"
"952","Az.ProviderHub","C:\Program Files\WindowsPowerShell\Modules\Az.ProviderHub"
"952","Az.Purview","C:\Program Files\WindowsPowerShell\Modules\Az.Purview"
"952","Az.Quantum","C:\Program Files\WindowsPowerShell\Modules\Az.Quantum"
"952","Az.Qumulo","C:\Program Files\WindowsPowerShell\Modules\Az.Qumulo"
"952","Az.Quota","C:\Program Files\WindowsPowerShell\Modules\Az.Quota"
"952","Az.RecoveryServices","C:\Program Files\WindowsPowerShell\Modules\Az.RecoveryServices"
"952","Az.RedisCache","C:\Program Files\WindowsPowerShell\Modules\Az.RedisCache"
"952","Az.RedisEnterpriseCache","C:\Program Files\WindowsPowerShell\Modules\Az.RedisEnterpriseCache"
"952","Az.Relay","C:\Program Files\WindowsPowerShell\Modules\Az.Relay"
"952","Az.Reservations","C:\Program Files\WindowsPowerShell\Modules\Az.Reservations"
"952","Az.ResourceGraph","C:\Program Files\WindowsPowerShell\Modules\Az.ResourceGraph"
"952","Az.ResourceMover","C:\Program Files\WindowsPowerShell\Modules\Az.ResourceMover"
"952","Az.Resources","C:\Program Files\WindowsPowerShell\Modules\Az.Resources"
"952","Az.RuntimeEnvironment","C:\Program Files\WindowsPowerShell\Modules\Az.RuntimeEnvironment"
"952","Az.Search","C:\Program Files\WindowsPowerShell\Modules\Az.Search"
"952","Az.Security","C:\Program Files\WindowsPowerShell\Modules\Az.Security"
"952","Az.SecurityInsights","C:\Program Files\WindowsPowerShell\Modules\Az.SecurityInsights"
"952","Az.SelfHelp","C:\Program Files\WindowsPowerShell\Modules\Az.SelfHelp"
"952","Az.ServiceBus","C:\Program Files\WindowsPowerShell\Modules\Az.ServiceBus"
"952","Az.ServiceFabric","C:\Program Files\WindowsPowerShell\Modules\Az.ServiceFabric"
"952","Az.ServiceLinker","C:\Program Files\WindowsPowerShell\Modules\Az.ServiceLinker"
"952","Az.SignalR","C:\Program Files\WindowsPowerShell\Modules\Az.SignalR"
"952","Az.Sphere","C:\Program Files\WindowsPowerShell\Modules\Az.Sphere"
"952","Az.SpringCloud","C:\Program Files\WindowsPowerShell\Modules\Az.SpringCloud"
"952","Az.Sql","C:\Program Files\WindowsPowerShell\Modules\Az.Sql"
"952","Az.SqlVirtualMachine","C:\Program Files\WindowsPowerShell\Modules\Az.SqlVirtualMachine"
"952","Az.Ssh","C:\Program Files\WindowsPowerShell\Modules\Az.Ssh"
"952","Az.Ssh.ArcProxy","C:\Program Files\WindowsPowerShell\Modules\Az.Ssh.ArcProxy"
"952","Az.StackHCI","C:\Program Files\WindowsPowerShell\Modules\Az.StackHCI"
"952","Az.StackHCI.NetworkHUD","C:\Program Files\WindowsPowerShell\Modules\Az.StackHCI.NetworkHUD"
"952","Az.StackHCIVM","C:\Program Files\WindowsPowerShell\Modules\Az.StackHCIVM"
"952","Az.StandbyPool","C:\Program Files\WindowsPowerShell\Modules\Az.StandbyPool"
"952","Az.Storage","C:\Program Files\WindowsPowerShell\Modules\Az.Storage"
"952","Az.StorageAction","C:\Program Files\WindowsPowerShell\Modules\Az.StorageAction"
"952","Az.StorageCache","C:\Program Files\WindowsPowerShell\Modules\Az.StorageCache"
"952","Az.StorageMover","C:\Program Files\WindowsPowerShell\Modules\Az.StorageMover"
"952","Az.StorageSync","C:\Program Files\WindowsPowerShell\Modules\Az.StorageSync"
"952","Az.StorageTable","C:\Program Files\WindowsPowerShell\Modules\Az.StorageTable"
"952","Az.StreamAnalytics","C:\Program Files\WindowsPowerShell\Modules\Az.StreamAnalytics"
"952","Az.Subscription","C:\Program Files\WindowsPowerShell\Modules\Az.Subscription"
"952","Az.Support","C:\Program Files\WindowsPowerShell\Modules\Az.Support"
"952","Az.Synapse","C:\Program Files\WindowsPowerShell\Modules\Az.Synapse"
"952","Az.TimeSeriesInsights","C:\Program Files\WindowsPowerShell\Modules\Az.TimeSeriesInsights"
"952","Az.Tools.Installer","C:\Program Files\WindowsPowerShell\Modules\Az.Tools.Installer"
"952","Az.Tools.Migration","C:\Program Files\WindowsPowerShell\Modules\Az.Tools.Migration"
"952","Az.Tools.Predictor","C:\Program Files\WindowsPowerShell\Modules\Az.Tools.Predictor"
"952","Az.TrafficManager","C:\Program Files\WindowsPowerShell\Modules\Az.TrafficManager"
"952","Az.VMware","C:\Program Files\WindowsPowerShell\Modules\Az.VMware"
"952","Az.VoiceServices","C:\Program Files\WindowsPowerShell\Modules\Az.VoiceServices"
"952","Az.Websites","C:\Program Files\WindowsPowerShell\Modules\Az.Websites"
"952","Az.WindowsIotServices","C:\Program Files\WindowsPowerShell\Modules\Az.WindowsIotServices"
"952","Az.Workloads","C:\Program Files\WindowsPowerShell\Modules\Az.Workloads"
"952","Az.Wvd","C:\Program Files\WindowsPowerShell\Modules\Az.Wvd"
"952","AzADX","C:\Program Files\WindowsPowerShell\Modules\AzADX"
"952","AzAiUtil","C:\Program Files\WindowsPowerShell\Modules\AzAiUtil"
"952","AzAPICall","C:\Program Files\WindowsPowerShell\Modules\AzAPICall"
"952","AzAPICallBeta","C:\Program Files\WindowsPowerShell\Modules\AzAPICallBeta"
"952","AzAppConfig","C:\Program Files\WindowsPowerShell\Modules\AzAppConfig"
"952","AzAppGatewayVisualizer","C:\Program Files\WindowsPowerShell\Modules\AzAppGatewayVisualizer"
"952","AzAppGWCert","C:\Program Files\WindowsPowerShell\Modules\AzAppGWCert"
"952","AzAppRegistrationExpiry","C:\Program Files\WindowsPowerShell\Modules\AzAppRegistrationExpiry"
"952","AzAuth","C:\Program Files\WindowsPowerShell\Modules\AzAuth"
"952","AzAutomationTools","C:\Program Files\WindowsPowerShell\Modules\AzAutomationTools"
"952","AzAutoTools","C:\Program Files\WindowsPowerShell\Modules\AzAutoTools"
"952","AZBlobBackup","C:\Program Files\WindowsPowerShell\Modules\AZBlobBackup"
"952","AzBluePrint","C:\Program Files\WindowsPowerShell\Modules\AzBluePrint"
"952","AzBobbyTables","C:\Program Files\WindowsPowerShell\Modules\AzBobbyTables"
"952","AzClassicModule","C:\Program Files\WindowsPowerShell\Modules\AzClassicModule"
"952","AzcmHelper","C:\Program Files\WindowsPowerShell\Modules\AzcmHelper"
"952","AzCostOptimization","C:\Program Files\WindowsPowerShell\Modules\AzCostOptimization"
"952","AzCostTools","C:\Program Files\WindowsPowerShell\Modules\AzCostTools"
"952","AzDanglingDomain","C:\Program Files\WindowsPowerShell\Modules\AzDanglingDomain"
"952","AzDataFactoryV2Activities","C:\Program Files\WindowsPowerShell\Modules\AzDataFactoryV2Activities"
"952","AzDataFactoryV2DataflowDependencies","C:\Program Files\WindowsPowerShell\Modules\AzDataFactoryV2DataflowDependencies"
"952","AzDataFactoryV2DatasetDependencies","C:\Program Files\WindowsPowerShell\Modules\AzDataFactoryV2DatasetDependencies"
"952","AzDataFactoryV2IntegrationRuntimeDependencies","C:\Program Files\WindowsPowerShell\Modules\AzDataFactoryV2IntegrationRuntimeDependencies"
"952","AzDataFactoryV2LinkedServiceDependencies","C:\Program Files\WindowsPowerShell\Modules\AzDataFactoryV2LinkedServiceDependencies"
"952","AzDataFactoryV2PipelinesLastExecution","C:\Program Files\WindowsPowerShell\Modules\AzDataFactoryV2PipelinesLastExecution"
"952","AzDataFactoryV2TriggerDependencies","C:\Program Files\WindowsPowerShell\Modules\AzDataFactoryV2TriggerDependencies"
"952","AzDevOps","C:\Program Files\WindowsPowerShell\Modules\AzDevOps"
"952","AzDnsAsCode","C:\Program Files\WindowsPowerShell\Modules\AzDnsAsCode"
"952","AzDO","C:\Program Files\WindowsPowerShell\Modules\AzDO"
"952","AzdoAPITools","C:\Program Files\WindowsPowerShell\Modules\AzdoAPITools"
"952","AzDOCmd","C:\Program Files\WindowsPowerShell\Modules\AzDOCmd"
"952","AzDOps","C:\Program Files\WindowsPowerShell\Modules\AzDOps"
"952","AzDOTestResults","C:\Program Files\WindowsPowerShell\Modules\AzDOTestResults"
"952","Azereo","C:\Program Files\WindowsPowerShell\Modules\Azereo"
"952","AzExpression","C:\Program Files\WindowsPowerShell\Modules\AzExpression"
"952","AzExtensions","C:\Program Files\WindowsPowerShell\Modules\AzExtensions"
"952","AzFnUtil","C:\Program Files\WindowsPowerShell\Modules\AzFnUtil"
"952","AZFW.NSG.LogViewer","C:\Program Files\WindowsPowerShell\Modules\AZFW.NSG.LogViewer"
"952","AZKVManager","C:\Program Files\WindowsPowerShell\Modules\AZKVManager"
"952","AzLogDcrIngestPS","C:\Program Files\WindowsPowerShell\Modules\AzLogDcrIngestPS"
"952","AzMarketplace","C:\Program Files\WindowsPowerShell\Modules\AzMarketplace"
"952","azmi","C:\Program Files\WindowsPowerShell\Modules\azmi"
"952","AzOps","C:\Program Files\WindowsPowerShell\Modules\AzOps"
"952","AzPipelineVariable","C:\Program Files\WindowsPowerShell\Modules\AzPipelineVariable"
"952","AzPolicyEvaluation","C:\Program Files\WindowsPowerShell\Modules\AzPolicyEvaluation"
"952","AzPolicyTest","C:\Program Files\WindowsPowerShell\Modules\AzPolicyTest"
"952","AzPreview","C:\Program Files\WindowsPowerShell\Modules\AzPreview"
"952","AzPseudoGUI","C:\Program Files\WindowsPowerShell\Modules\AzPseudoGUI"
"952","AzReports","C:\Program Files\WindowsPowerShell\Modules\AzReports"
"952","AzResourceGraphPS","C:\Program Files\WindowsPowerShell\Modules\AzResourceGraphPS"
"952","Azs.Azurebridge.Admin","C:\Program Files\WindowsPowerShell\Modules\Azs.Azurebridge.Admin"
"952","Azs.Backup.Admin","C:\Program Files\WindowsPowerShell\Modules\Azs.Backup.Admin"
"952","Azs.Commerce.Admin","C:\Program Files\WindowsPowerShell\Modules\Azs.Commerce.Admin"
"952","Azs.Compute.Admin","C:\Program Files\WindowsPowerShell\Modules\Azs.Compute.Admin"
"952","Azs.ContainerRegistry.Admin","C:\Program Files\WindowsPowerShell\Modules\Azs.ContainerRegistry.Admin"
"952","Azs.ContainerService.Admin","C:\Program Files\WindowsPowerShell\Modules\Azs.ContainerService.Admin"
"952","Azs.Deployment.Admin","C:\Program Files\WindowsPowerShell\Modules\Azs.Deployment.Admin"
"952","Azs.Deployment.Worksheet","C:\Program Files\WindowsPowerShell\Modules\Azs.Deployment.Worksheet"
"952","Azs.Fabric.Admin","C:\Program Files\WindowsPowerShell\Modules\Azs.Fabric.Admin"
"952","Azs.Gallery.Admin","C:\Program Files\WindowsPowerShell\Modules\Azs.Gallery.Admin"
"952","Azs.Infrastructureinsights.Admin","C:\Program Files\WindowsPowerShell\Modules\Azs.Infrastructureinsights.Admin"
"952","Azs.Keyvault.Admin","C:\Program Files\WindowsPowerShell\Modules\Azs.Keyvault.Admin"
"952","Azs.Network.Admin","C:\Program Files\WindowsPowerShell\Modules\Azs.Network.Admin"
"952","Azs.Storage.Admin","C:\Program Files\WindowsPowerShell\Modules\Azs.Storage.Admin"
"952","Azs.Subscriptions","C:\Program Files\WindowsPowerShell\Modules\Azs.Subscriptions"
"952","Azs.Subscriptions.Admin","C:\Program Files\WindowsPowerShell\Modules\Azs.Subscriptions.Admin"
"952","Azs.Syndication.Admin","C:\Program Files\WindowsPowerShell\Modules\Azs.Syndication.Admin"
"952","Azs.Tools.Admin","C:\Program Files\WindowsPowerShell\Modules\Azs.Tools.Admin"
"952","Azs.Update.Admin","C:\Program Files\WindowsPowerShell\Modules\Azs.Update.Admin"
"952","AZSBTools","C:\Program Files\WindowsPowerShell\Modules\AZSBTools"
"952","AzsBuildUtilities","C:\Program Files\WindowsPowerShell\Modules\AzsBuildUtilities"
"952","AzSCAP.PolicyInsights","C:\Program Files\WindowsPowerShell\Modules\AzSCAP.PolicyInsights"
"952","AzSDK.ArmTemplateEvaluator.Pre","C:\Program Files\WindowsPowerShell\Modules\AzSDK.ArmTemplateEvaluator.Pre"
"952","AzSentinel","C:\Program Files\WindowsPowerShell\Modules\AzSentinel"
"952","AzSentinelTools","C:\Program Files\WindowsPowerShell\Modules\AzSentinelTools"
"952","AzSK.AAD","C:\Program Files\WindowsPowerShell\Modules\AzSK.AAD"
"952","AzSK.ADO","C:\Program Files\WindowsPowerShell\Modules\AzSK.ADO"
"952","AzSK.AzureDevOps","C:\Program Files\WindowsPowerShell\Modules\AzSK.AzureDevOps"
"952","AzSKPreview.ADO","C:\Program Files\WindowsPowerShell\Modules\AzSKPreview.ADO"
"952","AzSKPreview.AzureDevOps","C:\Program Files\WindowsPowerShell\Modules\AzSKPreview.AzureDevOps"
"952","AzSpeedOps","C:\Program Files\WindowsPowerShell\Modules\AzSpeedOps"
"952","AzSpeedTest","C:\Program Files\WindowsPowerShell\Modules\AzSpeedTest"
"952","AzSqlGateway","C:\Program Files\WindowsPowerShell\Modules\AzSqlGateway"
"952","AzStackHci.EnvironmentChecker","C:\Program Files\WindowsPowerShell\Modules\AzStackHci.EnvironmentChecker"
"952","AzStackHCI.VM","C:\Program Files\WindowsPowerShell\Modules\AzStackHCI.VM"
"952","AzStorageTable.TravisEz13","C:\Program Files\WindowsPowerShell\Modules\AzStorageTable.TravisEz13"
"952","AzSynapseActivities","C:\Program Files\WindowsPowerShell\Modules\AzSynapseActivities"
"952","AzSynapseDataflowDependencies","C:\Program Files\WindowsPowerShell\Modules\AzSynapseDataflowDependencies"
"952","AzSynapseDatasetDependencies","C:\Program Files\WindowsPowerShell\Modules\AzSynapseDatasetDependencies"
"952","AzSynapseIntegrationRuntimeDependencies","C:\Program Files\WindowsPowerShell\Modules\AzSynapseIntegrationRuntimeDependencies"
"952","AzSynapseLinkedServiceDependencies","C:\Program Files\WindowsPowerShell\Modules\AzSynapseLinkedServiceDependencies"
"952","AzSynapsePipelineLastExecution","C:\Program Files\WindowsPowerShell\Modules\AzSynapsePipelineLastExecution"
"952","AzSynapseTriggerDependencies","C:\Program Files\WindowsPowerShell\Modules\AzSynapseTriggerDependencies"
"952","AzTable","C:\Program Files\WindowsPowerShell\Modules\AzTable"
"952","aztexttospeech","C:\Program Files\WindowsPowerShell\Modules\aztexttospeech"
"952","AzToolbox","C:\Program Files\WindowsPowerShell\Modules\AzToolbox"
"952","aztools","C:\Program Files\WindowsPowerShell\Modules\aztools"
"952","AzTS","C:\Program Files\WindowsPowerShell\Modules\AzTS"
"952","Azure","C:\Program Files\WindowsPowerShell\Modules\Azure"
"952","azure-ad-license-status","C:\Program Files\WindowsPowerShell\Modules\azure-ad-license-status"
"952","azure-ad-recovery-manager","C:\Program Files\WindowsPowerShell\Modules\azure-ad-recovery-manager"
"952","Azure-SecurityAsCode","C:\Program Files\WindowsPowerShell\Modules\Azure-SecurityAsCode"
"952","Azure.AnalysisServices","C:\Program Files\WindowsPowerShell\Modules\Azure.AnalysisServices"
"952","Azure.Arc.Jumpstart.Common","C:\Program Files\WindowsPowerShell\Modules\Azure.Arc.Jumpstart.Common"
"952","azure.databricks.cicd.tools","C:\Program Files\WindowsPowerShell\Modules\azure.databricks.cicd.tools"
"952","azure.datafactory.tools","C:\Program Files\WindowsPowerShell\Modules\azure.datafactory.tools"
"952","Azure.DevOps","C:\Program Files\WindowsPowerShell\Modules\Azure.DevOps"
"952","Azure.DevOps.Function.Collection","C:\Program Files\WindowsPowerShell\Modules\Azure.DevOps.Function.Collection"
"952","Azure.EventHub","C:\Program Files\WindowsPowerShell\Modules\Azure.EventHub"
"952","Azure.Function.Tools","C:\Program Files\WindowsPowerShell\Modules\Azure.Function.Tools"
"952","Azure.Storage","C:\Program Files\WindowsPowerShell\Modules\Azure.Storage"
"952","azure.synapse.tools","C:\Program Files\WindowsPowerShell\Modules\azure.synapse.tools"
"952","Azure.ToolKit","C:\Program Files\WindowsPowerShell\Modules\Azure.ToolKit"
"952","AzureAD","C:\Program Files\WindowsPowerShell\Modules\AzureAD"
"952","AzureAD.Standard.Preview","C:\Program Files\WindowsPowerShell\Modules\AzureAD.Standard.Preview"
"952","AzureADAssessment","C:\Program Files\WindowsPowerShell\Modules\AzureADAssessment"
"952","AzureADAuthMethods","C:\Program Files\WindowsPowerShell\Modules\AzureADAuthMethods"
"952","AzureADCmdlets","C:\Program Files\WindowsPowerShell\Modules\AzureADCmdlets"
"952","AzureAdDeployer","C:\Program Files\WindowsPowerShell\Modules\AzureAdDeployer"
"952","AzureADExporter","C:\Program Files\WindowsPowerShell\Modules\AzureADExporter"
"952","AzureAdGovernanceAssessment","C:\Program Files\WindowsPowerShell\Modules\AzureAdGovernanceAssessment"
"952","AzureADHybridAuthenticationManagement","C:\Program Files\WindowsPowerShell\Modules\AzureADHybridAuthenticationManagement"
"952","AzureADKerberosTest","C:\Program Files\WindowsPowerShell\Modules\AzureADKerberosTest"
"952","AzureADLicensing","C:\Program Files\WindowsPowerShell\Modules\AzureADLicensing"
"952","AzureADPreview","C:\Program Files\WindowsPowerShell\Modules\AzureADPreview"
"952","AzureADStuff","C:\Program Files\WindowsPowerShell\Modules\AzureADStuff"
"952","AzureADTenantID","C:\Program Files\WindowsPowerShell\Modules\AzureADTenantID"
"952","AzureADToolkit","C:\Program Files\WindowsPowerShell\Modules\AzureADToolkit"
"952","AzureAndADValidation","C:\Program Files\WindowsPowerShell\Modules\AzureAndADValidation"
"952","AzureAPICrawler","C:\Program Files\WindowsPowerShell\Modules\AzureAPICrawler"
"952","AzureApiUtils","C:\Program Files\WindowsPowerShell\Modules\AzureApiUtils"
"952","AzureApplicationStuff","C:\Program Files\WindowsPowerShell\Modules\AzureApplicationStuff"
"952","AzureArcConnectedAgentManagement","C:\Program Files\WindowsPowerShell\Modules\AzureArcConnectedAgentManagement"
"952","AzureArmTemplateHelper","C:\Program Files\WindowsPowerShell\Modules\AzureArmTemplateHelper"
"952","AzureArtifactsPackageMigration","C:\Program Files\WindowsPowerShell\Modules\AzureArtifactsPackageMigration"
"952","AzureArtifactsPowerShellModuleHelper","C:\Program Files\WindowsPowerShell\Modules\AzureArtifactsPowerShellModuleHelper"
"952","AzureAssess","C:\Program Files\WindowsPowerShell\Modules\AzureAssess"
"952","AzureAutomation","C:\Program Files\WindowsPowerShell\Modules\AzureAutomation"
"952","AzureAutomationAuthoringToolkit","C:\Program Files\WindowsPowerShell\Modules\AzureAutomationAuthoringToolkit"
"952","AzureAutomationDebug","C:\Program Files\WindowsPowerShell\Modules\AzureAutomationDebug"
"952","AzureAutomationRunbookUtilities","C:\Program Files\WindowsPowerShell\Modules\AzureAutomationRunbookUtilities"
"952","AzureAutomationTools.Logging","C:\Program Files\WindowsPowerShell\Modules\AzureAutomationTools.Logging"
"952","AzureAutomationTools.PackageManagement","C:\Program Files\WindowsPowerShell\Modules\AzureAutomationTools.PackageManagement"
"952","AzureAutomationVsoGitSync","C:\Program Files\WindowsPowerShell\Modules\AzureAutomationVsoGitSync"
"952","AzureAvSetBasicPublicIPUpgrade","C:\Program Files\WindowsPowerShell\Modules\AzureAvSetBasicPublicIPUpgrade"
"952","AzureBasicLoadBalancerUpgrade","C:\Program Files\WindowsPowerShell\Modules\AzureBasicLoadBalancerUpgrade"
"952","AzureBicep","C:\Program Files\WindowsPowerShell\Modules\AzureBicep"
"952","AzureBlobStorageProvider","C:\Program Files\WindowsPowerShell\Modules\AzureBlobStorageProvider"
"952","AzureCli","C:\Program Files\WindowsPowerShell\Modules\AzureCli"
"952","AzureCmdlets","C:\Program Files\WindowsPowerShell\Modules\AzureCmdlets"
"952","AzureCodeSigning","C:\Program Files\WindowsPowerShell\Modules\AzureCodeSigning"
"952","AzureCommonStuff","C:\Program Files\WindowsPowerShell\Modules\AzureCommonStuff"
"952","AzureConnectionAssistant","C:\Program Files\WindowsPowerShell\Modules\AzureConnectionAssistant"
"952","AzureDataCatalogCmdlets","C:\Program Files\WindowsPowerShell\Modules\AzureDataCatalogCmdlets"
"952","AzureDatacenterIPOrNo","C:\Program Files\WindowsPowerShell\Modules\AzureDatacenterIPOrNo"
"952","AzureDataLakeManagement","C:\Program Files\WindowsPowerShell\Modules\AzureDataLakeManagement"
"952","AzureDataLakeUtils","C:\Program Files\WindowsPowerShell\Modules\AzureDataLakeUtils"
"952","AzureDataManagementCmdlets","C:\Program Files\WindowsPowerShell\Modules\AzureDataManagementCmdlets"
"952","AzureDeviceStuff","C:\Program Files\WindowsPowerShell\Modules\AzureDeviceStuff"
"952","AzureDevOps","C:\Program Files\WindowsPowerShell\Modules\AzureDevOps"
"952","AzureDevOps.Services.OpenApi","C:\Program Files\WindowsPowerShell\Modules\AzureDevOps.Services.OpenApi"
"952","AzureDevOpsAPIUtils","C:\Program Files\WindowsPowerShell\Modules\AzureDevOpsAPIUtils"
"952","AzureDevOpsBoardHelper","C:\Program Files\WindowsPowerShell\Modules\AzureDevOpsBoardHelper"
"952","AzureDevOpsCmdlets","C:\Program Files\WindowsPowerShell\Modules\AzureDevOpsCmdlets"
"952","AzureDevopsDataCollector","C:\Program Files\WindowsPowerShell\Modules\AzureDevopsDataCollector"
"952","AzureDevOpsHelpers","C:\Program Files\WindowsPowerShell\Modules\AzureDevOpsHelpers"
"952","AzureDevOpsHousekeeping","C:\Program Files\WindowsPowerShell\Modules\AzureDevOpsHousekeeping"
"952","AzureDevOpsLogging","C:\Program Files\WindowsPowerShell\Modules\AzureDevOpsLogging"
"952","AzureDevOpsMgmt","C:\Program Files\WindowsPowerShell\Modules\AzureDevOpsMgmt"
"952","AzureDevOpsPowerShell","C:\Program Files\WindowsPowerShell\Modules\AzureDevOpsPowerShell"
"952","AzureDevOpsPS","C:\Program Files\WindowsPowerShell\Modules\AzureDevOpsPS"
"952","AzureDevopsSnapshotBranchPolicies","C:\Program Files\WindowsPowerShell\Modules\AzureDevopsSnapshotBranchPolicies"
"952","AzureDiagnosticsAndLogAnalytics","C:\Program Files\WindowsPowerShell\Modules\AzureDiagnosticsAndLogAnalytics"
"952","AzureExt","C:\Program Files\WindowsPowerShell\Modules\AzureExt"
"952","AzureExtensions","C:\Program Files\WindowsPowerShell\Modules\AzureExtensions"
"952","AzureFileSyncDsc","C:\Program Files\WindowsPowerShell\Modules\AzureFileSyncDsc"
"952","AzureFunctionConfiguration","C:\Program Files\WindowsPowerShell\Modules\AzureFunctionConfiguration"
"952","AzureFunctions.PowerShell.Durable.SDK","C:\Program Files\WindowsPowerShell\Modules\AzureFunctions.PowerShell.Durable.SDK"
"952","AzureFunctions.PowerShell.OpenTelemetry.SDK","C:\Program Files\WindowsPowerShell\Modules\AzureFunctions.PowerShell.OpenTelemetry.SDK"
"952","AzureFunctions.PowerShell.SDK","C:\Program Files\WindowsPowerShell\Modules\AzureFunctions.PowerShell.SDK"
"952","AzureFwGitOps","C:\Program Files\WindowsPowerShell\Modules\AzureFwGitOps"
"952","AzureGeneralHelpers","C:\Program Files\WindowsPowerShell\Modules\AzureGeneralHelpers"
"952","AzureGraphApiHelper","C:\Program Files\WindowsPowerShell\Modules\AzureGraphApiHelper"
"952","AzureGraphCmdlets","C:\Program Files\WindowsPowerShell\Modules\AzureGraphCmdlets"
"952","AzureGroupStuff","C:\Program Files\WindowsPowerShell\Modules\AzureGroupStuff"
"952","AzureHelper","C:\Program Files\WindowsPowerShell\Modules\AzureHelper"
"952","AzureHelpers","C:\Program Files\WindowsPowerShell\Modules\AzureHelpers"
"952","AzureHunter","C:\Program Files\WindowsPowerShell\Modules\AzureHunter"
"952","AzureIoT","C:\Program Files\WindowsPowerShell\Modules\AzureIoT"
"952","AzureKeyVaultHelper","C:\Program Files\WindowsPowerShell\Modules\AzureKeyVaultHelper"
"952","AzureKeyVaultPasswordRepo","C:\Program Files\WindowsPowerShell\Modules\AzureKeyVaultPasswordRepo"
"952","AzureKQLPowerShellExtractor","C:\Program Files\WindowsPowerShell\Modules\AzureKQLPowerShellExtractor"
"952","AzureLoadBalancerNATPoolMigration","C:\Program Files\WindowsPowerShell\Modules\AzureLoadBalancerNATPoolMigration"
"952","AzureM365GroupManagement","C:\Program Files\WindowsPowerShell\Modules\AzureM365GroupManagement"
"952","AzureML","C:\Program Files\WindowsPowerShell\Modules\AzureML"
"952","AzureOtherStuff","C:\Program Files\WindowsPowerShell\Modules\AzureOtherStuff"
"952","AzurePasswordManager","C:\Program Files\WindowsPowerShell\Modules\AzurePasswordManager"
"952","AzurePIM","C:\Program Files\WindowsPowerShell\Modules\AzurePIM"
"952","AzurePipelinesPS","C:\Program Files\WindowsPowerShell\Modules\AzurePipelinesPS"
"952","AzurePowerShellUtilityFunctions","C:\Program Files\WindowsPowerShell\Modules\AzurePowerShellUtilityFunctions"
"952","AzureProfile","C:\Program Files\WindowsPowerShell\Modules\AzureProfile"
"952","AzurePSDrive","C:\Program Files\WindowsPowerShell\Modules\AzurePSDrive"
"952","AzurePublicIPAddresses","C:\Program Files\WindowsPowerShell\Modules\AzurePublicIPAddresses"
"952","AzureResourceData","C:\Program Files\WindowsPowerShell\Modules\AzureResourceData"
"952","AzureResourceInventory","C:\Program Files\WindowsPowerShell\Modules\AzureResourceInventory"
"952","AzureResourceManagementCmdlets","C:\Program Files\WindowsPowerShell\Modules\AzureResourceManagementCmdlets"
"952","AzureResourceSecurity","C:\Program Files\WindowsPowerShell\Modules\AzureResourceSecurity"
"952","AzureResourceStuff","C:\Program Files\WindowsPowerShell\Modules\AzureResourceStuff"
"952","AzureRestApiHelper","C:\Program Files\WindowsPowerShell\Modules\AzureRestApiHelper"
"952","AzureRestHelper","C:\Program Files\WindowsPowerShell\Modules\AzureRestHelper"
"952","AzureRM","C:\Program Files\WindowsPowerShell\Modules\AzureRM"
"952","azurerm-helpers","C:\Program Files\WindowsPowerShell\Modules\azurerm-helpers"
"952","AzureRM.AnalysisServices","C:\Program Files\WindowsPowerShell\Modules\AzureRM.AnalysisServices"
"952","AzureRM.ApiManagement","C:\Program Files\WindowsPowerShell\Modules\AzureRM.ApiManagement"
"952","AzureRM.ApplicationInsights","C:\Program Files\WindowsPowerShell\Modules\AzureRM.ApplicationInsights"
"952","AzureRM.Automation","C:\Program Files\WindowsPowerShell\Modules\AzureRM.Automation"
"952","AzureRm.AvailabilitySetManagement","C:\Program Files\WindowsPowerShell\Modules\AzureRm.AvailabilitySetManagement"
"952","AzureRM.Backup","C:\Program Files\WindowsPowerShell\Modules\AzureRM.Backup"
"952","AzureRM.Batch","C:\Program Files\WindowsPowerShell\Modules\AzureRM.Batch"
"952","AzureRM.Billing","C:\Program Files\WindowsPowerShell\Modules\AzureRM.Billing"
"952","AzureRM.BootStrapper","C:\Program Files\WindowsPowerShell\Modules\AzureRM.BootStrapper"
"952","AzureRM.Cdn","C:\Program Files\WindowsPowerShell\Modules\AzureRM.Cdn"
"952","AzureRM.CognitiveServices","C:\Program Files\WindowsPowerShell\Modules\AzureRM.CognitiveServices"
"952","AzureRM.Compute","C:\Program Files\WindowsPowerShell\Modules\AzureRM.Compute"
"952","AzureRM.Consumption","C:\Program Files\WindowsPowerShell\Modules\AzureRM.Consumption"
"952","AzureRM.ContainerInstance","C:\Program Files\WindowsPowerShell\Modules\AzureRM.ContainerInstance"
"952","AzureRM.ContainerRegistry","C:\Program Files\WindowsPowerShell\Modules\AzureRM.ContainerRegistry"
"952","AzureRM.DataFactories","C:\Program Files\WindowsPowerShell\Modules\AzureRM.DataFactories"
"952","AzureRM.DataFactoryV2","C:\Program Files\WindowsPowerShell\Modules\AzureRM.DataFactoryV2"
"952","AzureRM.DataLakeAnalytics","C:\Program Files\WindowsPowerShell\Modules\AzureRM.DataLakeAnalytics"
"952","AzureRM.DataLakeStore","C:\Program Files\WindowsPowerShell\Modules\AzureRM.DataLakeStore"
"952","AzureRM.DataMigration","C:\Program Files\WindowsPowerShell\Modules\AzureRM.DataMigration"
"952","AzureRM.DevTestLabs","C:\Program Files\WindowsPowerShell\Modules\AzureRM.DevTestLabs"
"952","AzureRM.Dns","C:\Program Files\WindowsPowerShell\Modules\AzureRM.Dns"
"952","AzureRM.EventGrid","C:\Program Files\WindowsPowerShell\Modules\AzureRM.EventGrid"
"952","AzureRM.EventHub","C:\Program Files\WindowsPowerShell\Modules\AzureRM.EventHub"
"952","AzureRM.FrontDoor","C:\Program Files\WindowsPowerShell\Modules\AzureRM.FrontDoor"
"952","AzureRM.HDInsight","C:\Program Files\WindowsPowerShell\Modules\AzureRM.HDInsight"
"952","AzureRM.Insights","C:\Program Files\WindowsPowerShell\Modules\AzureRM.Insights"
"952","AzureRM.IotHub","C:\Program Files\WindowsPowerShell\Modules\AzureRM.IotHub"
"952","AzureRM.KeyVault","C:\Program Files\WindowsPowerShell\Modules\AzureRM.KeyVault"
"952","AzureRM.LogicApp","C:\Program Files\WindowsPowerShell\Modules\AzureRM.LogicApp"
"952","AzureRM.MachineLearning","C:\Program Files\WindowsPowerShell\Modules\AzureRM.MachineLearning"
"952","AzureRM.MachineLearningCompute","C:\Program Files\WindowsPowerShell\Modules\AzureRM.MachineLearningCompute"
"952","AzureRM.ManagementPartner","C:\Program Files\WindowsPowerShell\Modules\AzureRM.ManagementPartner"
"952","AzureRM.Maps","C:\Program Files\WindowsPowerShell\Modules\AzureRM.Maps"
"952","AzureRM.MarketplaceOrdering","C:\Program Files\WindowsPowerShell\Modules\AzureRM.MarketplaceOrdering"
"952","AzureRM.Media","C:\Program Files\WindowsPowerShell\Modules\AzureRM.Media"
"952","AzureRM.Netcore","C:\Program Files\WindowsPowerShell\Modules\AzureRM.Netcore"
"952","AzureRM.Network","C:\Program Files\WindowsPowerShell\Modules\AzureRM.Network"
"952","AzureRM.NotificationHubs","C:\Program Files\WindowsPowerShell\Modules\AzureRM.NotificationHubs"
"952","AzureRM.OperationalInsights","C:\Program Files\WindowsPowerShell\Modules\AzureRM.OperationalInsights"
"952","AzureRM.PolicyInsights","C:\Program Files\WindowsPowerShell\Modules\AzureRM.PolicyInsights"
"952","AzureRM.PowerBIEmbedded","C:\Program Files\WindowsPowerShell\Modules\AzureRM.PowerBIEmbedded"
"952","AzureRM.profile","C:\Program Files\WindowsPowerShell\Modules\AzureRM.profile"
"952","AzureRM.RecoveryServices","C:\Program Files\WindowsPowerShell\Modules\AzureRM.RecoveryServices"
"952","AzureRM.RecoveryServices.Backup","C:\Program Files\WindowsPowerShell\Modules\AzureRM.RecoveryServices.Backup"
"952","AzureRM.RecoveryServices.SiteRecovery","C:\Program Files\WindowsPowerShell\Modules\AzureRM.RecoveryServices.SiteRecovery"
"952","AzureRM.RedisCache","C:\Program Files\WindowsPowerShell\Modules\AzureRM.RedisCache"
"952","AzureRM.Relay","C:\Program Files\WindowsPowerShell\Modules\AzureRM.Relay"
"952","AzureRM.Reservations","C:\Program Files\WindowsPowerShell\Modules\AzureRM.Reservations"
"952","AzureRM.Resources","C:\Program Files\WindowsPowerShell\Modules\AzureRM.Resources"
"952","AzureRM.Scheduler","C:\Program Files\WindowsPowerShell\Modules\AzureRM.Scheduler"
"952","AzureRM.ServerManagement","C:\Program Files\WindowsPowerShell\Modules\AzureRM.ServerManagement"
"952","AzureRM.ServiceBus","C:\Program Files\WindowsPowerShell\Modules\AzureRM.ServiceBus"
"952","AzureRM.ServiceFabric","C:\Program Files\WindowsPowerShell\Modules\AzureRM.ServiceFabric"
"952","AzureRM.SignalR","C:\Program Files\WindowsPowerShell\Modules\AzureRM.SignalR"
"952","AzureRM.SiteRecovery","C:\Program Files\WindowsPowerShell\Modules\AzureRM.SiteRecovery"
"952","AzureRM.Sql","C:\Program Files\WindowsPowerShell\Modules\AzureRM.Sql"
"952","AzureRM.Storage","C:\Program Files\WindowsPowerShell\Modules\AzureRM.Storage"
"952","AzureRM.StreamAnalytics","C:\Program Files\WindowsPowerShell\Modules\AzureRM.StreamAnalytics"
"952","AzureRM.Subscription.Preview","C:\Program Files\WindowsPowerShell\Modules\AzureRM.Subscription.Preview"
"952","AzureRM.Tags","C:\Program Files\WindowsPowerShell\Modules\AzureRM.Tags"
"952","AzureRM.TrafficManager","C:\Program Files\WindowsPowerShell\Modules\AzureRM.TrafficManager"
"952","AzureRM.UsageAggregates","C:\Program Files\WindowsPowerShell\Modules\AzureRM.UsageAggregates"
"952","AzureRM.Websites","C:\Program Files\WindowsPowerShell\Modules\AzureRM.Websites"
"952","AzureRM.Websites.Experiments","C:\Program Files\WindowsPowerShell\Modules\AzureRM.Websites.Experiments"
"952","AzureRMADAppPermissionsReport","C:\Program Files\WindowsPowerShell\Modules\AzureRMADAppPermissionsReport"
"952","AzureRMAppGWCert","C:\Program Files\WindowsPowerShell\Modules\AzureRMAppGWCert"
"952","AzureRMCertAuthentication","C:\Program Files\WindowsPowerShell\Modules\AzureRMCertAuthentication"
"952","AzureRmImageManagement","C:\Program Files\WindowsPowerShell\Modules\AzureRmImageManagement"
"952","AzureRmMinus","C:\Program Files\WindowsPowerShell\Modules\AzureRmMinus"
"952","AzureRmStorageQueue","C:\Program Files\WindowsPowerShell\Modules\AzureRmStorageQueue"
"952","AzureRmStorageTable","C:\Program Files\WindowsPowerShell\Modules\AzureRmStorageTable"
"952","AzureRoleStuff","C:\Program Files\WindowsPowerShell\Modules\AzureRoleStuff"
"952","AzureSaveMoney","C:\Program Files\WindowsPowerShell\Modules\AzureSaveMoney"
"952","AzureSearch","C:\Program Files\WindowsPowerShell\Modules\AzureSearch"
"952","AzureSecrets","C:\Program Files\WindowsPowerShell\Modules\AzureSecrets"
"952","AzureSerialAccessConsole","C:\Program Files\WindowsPowerShell\Modules\AzureSerialAccessConsole"
"952","AzureServiceBusCreation","C:\Program Files\WindowsPowerShell\Modules\AzureServiceBusCreation"
"952","AzureServiceBusManagement","C:\Program Files\WindowsPowerShell\Modules\AzureServiceBusManagement"
"952","AzureServicePrincipalAccount","C:\Program Files\WindowsPowerShell\Modules\AzureServicePrincipalAccount"
"952","AzureSignInAudit","C:\Program Files\WindowsPowerShell\Modules\AzureSignInAudit"
"952","AzureSimpleREST","C:\Program Files\WindowsPowerShell\Modules\AzureSimpleREST"
"952","AzureSqlMaintenancePlan","C:\Program Files\WindowsPowerShell\Modules\AzureSqlMaintenancePlan"
"952","AzureStack","C:\Program Files\WindowsPowerShell\Modules\AzureStack"
"952","AzureStackHCIJumpstart","C:\Program Files\WindowsPowerShell\Modules\AzureStackHCIJumpstart"
"952","AzureStackVaaS","C:\Program Files\WindowsPowerShell\Modules\AzureStackVaaS"
"952","AzureStateManager","C:\Program Files\WindowsPowerShell\Modules\AzureStateManager"
"952","AzureStorageTools","C:\Program Files\WindowsPowerShell\Modules\AzureStorageTools"
"952","AzureStuff","C:\Program Files\WindowsPowerShell\Modules\AzureStuff"
"952","AzureSynapseCmdlets","C:\Program Files\WindowsPowerShell\Modules\AzureSynapseCmdlets"
"952","AzureTableEntity","C:\Program Files\WindowsPowerShell\Modules\AzureTableEntity"
"952","AzureTablesCmdlets","C:\Program Files\WindowsPowerShell\Modules\AzureTablesCmdlets"
"952","AzureToolsBD09","C:\Program Files\WindowsPowerShell\Modules\AzureToolsBD09"
"952","AzureUserStuff","C:\Program Files\WindowsPowerShell\Modules\AzureUserStuff"
"952","AzureUtil","C:\Program Files\WindowsPowerShell\Modules\AzureUtil"
"952","AzureVMPublicIPUpgrade","C:\Program Files\WindowsPowerShell\Modules\AzureVMPublicIPUpgrade"
"952","AzureVMSnapshot","C:\Program Files\WindowsPowerShell\Modules\AzureVMSnapshot"
"952","AzureVmSnapshots","C:\Program Files\WindowsPowerShell\Modules\AzureVmSnapshots"
"952","AzureVpnClient","C:\Program Files\WindowsPowerShell\Modules\AzureVpnClient"
"952","azureVpnP2SSelfSignedCertificate","C:\Program Files\WindowsPowerShell\Modules\azureVpnP2SSelfSignedCertificate"
"952","AzureWvdDsc","C:\Program Files\WindowsPowerShell\Modules\AzureWvdDsc"
"952","AzViz","C:\Program Files\WindowsPowerShell\Modules\AzViz"
"952","AzVnetGraph","C:\Program Files\WindowsPowerShell\Modules\AzVnetGraph"
"952","AzWhoAmI","C:\Program Files\WindowsPowerShell\Modules\AzWhoAmI"
"952","BenchPress.Azure","C:\Program Files\WindowsPowerShell\Modules\BenchPress.Azure"
"952","BitTitan.Runbooks.AzureAD","C:\Program Files\WindowsPowerShell\Modules\BitTitan.Runbooks.AzureAD"
"952","BitTitan.Runbooks.AzureAD.Beta","C:\Program Files\WindowsPowerShell\Modules\BitTitan.Runbooks.AzureAD.Beta"
"952","BitTitan.Runbooks.AzureRM","C:\Program Files\WindowsPowerShell\Modules\BitTitan.Runbooks.AzureRM"
"952","BitTitan.Runbooks.AzureRM.Beta","C:\Program Files\WindowsPowerShell\Modules\BitTitan.Runbooks.AzureRM.Beta"
"952","BitTitan.Runbooks.AzureRMS","C:\Program Files\WindowsPowerShell\Modules\BitTitan.Runbooks.AzureRMS"
"952","BitTitan.Runbooks.AzureRMS.Beta","C:\Program Files\WindowsPowerShell\Modules\BitTitan.Runbooks.AzureRMS.Beta"
"952","biz.dfch.PS.System.Logging","C:\Program Files\WindowsPowerShell\Modules\biz.dfch.PS.System.Logging"
"952","biz.dfch.PS.System.Utilities","C:\Program Files\WindowsPowerShell\Modules\biz.dfch.PS.System.Utilities"
"952","BlazorHelp","C:\Program Files\WindowsPowerShell\Modules\BlazorHelp"
"952","BrazenCloud","C:\Program Files\WindowsPowerShell\Modules\BrazenCloud"
"952","BrazenCloud.ADK","C:\Program Files\WindowsPowerShell\Modules\BrazenCloud.ADK"
"952","BrazenCloud.Yaml","C:\Program Files\WindowsPowerShell\Modules\BrazenCloud.Yaml"
"952","cAzureKeyVault","C:\Program Files\WindowsPowerShell\Modules\cAzureKeyVault"
"952","cAzureStorage","C:\Program Files\WindowsPowerShell\Modules\cAzureStorage"
"952","cEPRSAzureFeatures","C:\Program Files\WindowsPowerShell\Modules\cEPRSAzureFeatures"
"952","cEPRSDeployAzureWebsite","C:\Program Files\WindowsPowerShell\Modules\cEPRSDeployAzureWebsite"
"952","cMoveAzureTempDrive","C:\Program Files\WindowsPowerShell\Modules\cMoveAzureTempDrive"
"952","CommonStuff","C:\Program Files\WindowsPowerShell\Modules\CommonStuff"
"952","Configuration","C:\Program Files\WindowsPowerShell\Modules\Configuration"
"952","Connect-AzAD_Token","C:\Program Files\WindowsPowerShell\Modules\Connect-AzAD_Token"
"952","Connect-AzureAutomation","C:\Program Files\WindowsPowerShell\Modules\Connect-AzureAutomation"
"952","CPolydorou.Azure.WebApp","C:\Program Files\WindowsPowerShell\Modules\CPolydorou.Azure.WebApp"
"952","CredentialStore","C:\Program Files\WindowsPowerShell\Modules\CredentialStore"
"952","CWJAzureRegionIPRange","C:\Program Files\WindowsPowerShell\Modules\CWJAzureRegionIPRange"
"952","CWJIPNetwork","C:\Program Files\WindowsPowerShell\Modules\CWJIPNetwork"
"952","D365BCOnAzureDeployment","C:\Program Files\WindowsPowerShell\Modules\D365BCOnAzureDeployment"
"952","D365BCOnAzureHelper","C:\Program Files\WindowsPowerShell\Modules\D365BCOnAzureHelper"
"952","DependencySearch","C:\Program Files\WindowsPowerShell\Modules\DependencySearch"
"952","Devdeer.Azure","C:\Program Files\WindowsPowerShell\Modules\Devdeer.Azure"
"952","dos-install-common-azure","C:\Program Files\WindowsPowerShell\Modules\dos-install-common-azure"
"952","DosInstallUtilities.Azure","C:\Program Files\WindowsPowerShell\Modules\DosInstallUtilities.Azure"
"952","EasyAzureFunction","C:\Program Files\WindowsPowerShell\Modules\EasyAzureFunction"
"952","EcoVadis.AzureDevOps","C:\Program Files\WindowsPowerShell\Modules\EcoVadis.AzureDevOps"
"952","eNLib","C:\Program Files\WindowsPowerShell\Modules\eNLib"
"952","EpinovaAzureToolBucket","C:\Program Files\WindowsPowerShell\Modules\EpinovaAzureToolBucket"
"952","ExchangeOnlineManagement","C:\Program Files\WindowsPowerShell\Modules\ExchangeOnlineManagement"
"952","Export-AzureRoleAssignment","C:\Program Files\WindowsPowerShell\Modules\Export-AzureRoleAssignment"
"952","gaz-toolbox","C:\Program Files\WindowsPowerShell\Modules\gaz-toolbox"
"952","Get-AllAzNics","C:\Program Files\WindowsPowerShell\Modules\Get-AllAzNics"
"952","Get-AzCertificateThumbprint","C:\Program Files\WindowsPowerShell\Modules\Get-AzCertificateThumbprint"
"952","Get-AzureADAuthTokens","C:\Program Files\WindowsPowerShell\Modules\Get-AzureADAuthTokens"
"952","Get-AzVMSku","C:\Program Files\WindowsPowerShell\Modules\Get-AzVMSku"
"952","Get-CAzureRMStorageServicesAuthorizationHeader","C:\Program Files\WindowsPowerShell\Modules\Get-CAzureRMStorageServicesAuthorizationHeader"
"952","HansenAzurePS","C:\Program Files\WindowsPowerShell\Modules\HansenAzurePS"
"952","Import-JUnitToAzTestPlan","C:\Program Files\WindowsPowerShell\Modules\Import-JUnitToAzTestPlan"
"952","ImportAZSK_UtilizationModules","C:\Program Files\WindowsPowerShell\Modules\ImportAZSK_UtilizationModules"
"952","ImportExcel","C:\Program Files\WindowsPowerShell\Modules\ImportExcel"
"952","JAz.LogIngestion","C:\Program Files\WindowsPowerShell\Modules\JAz.LogIngestion"
"952","JAz.PIM","C:\Program Files\WindowsPowerShell\Modules\JAz.PIM"
"952","JBUtils","C:\Program Files\WindowsPowerShell\Modules\JBUtils"
"952","jtAz","C:\Program Files\WindowsPowerShell\Modules\jtAz"
"952","KeDo_AZTableAPI","C:\Program Files\WindowsPowerShell\Modules\KeDo_AZTableAPI"
"952","KeDo_AzureGraphAPI","C:\Program Files\WindowsPowerShell\Modules\KeDo_AzureGraphAPI"
"952","Kelverion.Azure.DevOps","C:\Program Files\WindowsPowerShell\Modules\Kelverion.Azure.DevOps"
"952","Kelverion.Azure.Infrastructure","C:\Program Files\WindowsPowerShell\Modules\Kelverion.Azure.Infrastructure"
"952","Kelverion.Azure.Monitor","C:\Program Files\WindowsPowerShell\Modules\Kelverion.Azure.Monitor"
"952","Keyops-Azure","C:\Program Files\WindowsPowerShell\Modules\Keyops-Azure"
"952","lazy-posh-git","C:\Program Files\WindowsPowerShell\Modules\lazy-posh-git"
"952","LazyExchangeAdmin.AdExpNotify","C:\Program Files\WindowsPowerShell\Modules\LazyExchangeAdmin.AdExpNotify"
"952","LazyExchangeAdmin.SkuMon","C:\Program Files\WindowsPowerShell\Modules\LazyExchangeAdmin.SkuMon"
"952","List-AllAzSubnets","C:\Program Files\WindowsPowerShell\Modules\List-AllAzSubnets"
"952","List-AllAzVMDefaultRoutes","C:\Program Files\WindowsPowerShell\Modules\List-AllAzVMDefaultRoutes"
"952","LumifyAzureTools","C:\Program Files\WindowsPowerShell\Modules\LumifyAzureTools"
"952","MazeRats","C:\Program Files\WindowsPowerShell\Modules\MazeRats"
"952","Metadata","C:\Program Files\WindowsPowerShell\Modules\Metadata"
"952","Microsoft.Azure.ActiveDirectory.PIM.PSModule","C:\Program Files\WindowsPowerShell\Modules\Microsoft.Azure.ActiveDirectory.PIM.PSModule"
"952","Microsoft.AzureBlockchainService.ConsortiumManagement.PS","C:\Program Files\WindowsPowerShell\Modules\Microsoft.AzureBlockchainService.ConsortiumManagement.PS"
"952","Microsoft.AzureStack.HCI.CSSTools","C:\Program Files\WindowsPowerShell\Modules\Microsoft.AzureStack.HCI.CSSTools"
"952","Microsoft.AzureStack.ReadinessChecker","C:\Program Files\WindowsPowerShell\Modules\Microsoft.AzureStack.ReadinessChecker"
"952","Microsoft.AzureStack.Util.ConvertNetwork","C:\Program Files\WindowsPowerShell\Modules\Microsoft.AzureStack.Util.ConvertNetwork"
"952","Microsoft.Graph.Applications","C:\Program Files\WindowsPowerShell\Modules\Microsoft.Graph.Applications"
"952","Microsoft.Graph.Authentication","C:\Program Files\WindowsPowerShell\Modules\Microsoft.Graph.Authentication"
"952","Microsoft.Graph.Beta.Applications","C:\Program Files\WindowsPowerShell\Modules\Microsoft.Graph.Beta.Applications"
"952","Microsoft.Graph.Beta.DeviceManagement","C:\Program Files\WindowsPowerShell\Modules\Microsoft.Graph.Beta.DeviceManagement"
"952","Microsoft.Graph.Beta.DeviceManagement.Actions","C:\Program Files\WindowsPowerShell\Modules\Microsoft.Graph.Beta.DeviceManagement.Actions"
"952","Microsoft.Graph.Beta.DeviceManagement.Administration","C:\Program Files\WindowsPowerShell\Modules\Microsoft.Graph.Beta.DeviceManagement.Administration"
"952","Microsoft.Graph.Beta.Groups","C:\Program Files\WindowsPowerShell\Modules\Microsoft.Graph.Beta.Groups"
"952","Microsoft.Graph.Beta.Identity.DirectoryManagement","C:\Program Files\WindowsPowerShell\Modules\Microsoft.Graph.Beta.Identity.DirectoryManagement"
"952","Microsoft.Graph.Beta.Identity.SignIns","C:\Program Files\WindowsPowerShell\Modules\Microsoft.Graph.Beta.Identity.SignIns"
"952","Microsoft.Graph.Beta.Reports","C:\Program Files\WindowsPowerShell\Modules\Microsoft.Graph.Beta.Reports"
"952","Microsoft.Graph.Beta.Users","C:\Program Files\WindowsPowerShell\Modules\Microsoft.Graph.Beta.Users"
"952","Microsoft.Graph.Beta.Users.Actions","C:\Program Files\WindowsPowerShell\Modules\Microsoft.Graph.Beta.Users.Actions"
"952","Microsoft.Graph.DeviceManagement.Enrolment","C:\Program Files\WindowsPowerShell\Modules\Microsoft.Graph.DeviceManagement.Enrolment"
"952","Microsoft.Graph.DirectoryObjects","C:\Program Files\WindowsPowerShell\Modules\Microsoft.Graph.DirectoryObjects"
"952","Microsoft.Graph.Groups","C:\Program Files\WindowsPowerShell\Modules\Microsoft.Graph.Groups"
"952","Microsoft.Graph.Identity.DirectoryManagement","C:\Program Files\WindowsPowerShell\Modules\Microsoft.Graph.Identity.DirectoryManagement"
"952","Microsoft.Graph.Identity.SignIns","C:\Program Files\WindowsPowerShell\Modules\Microsoft.Graph.Identity.SignIns"
"952","Microsoft.Graph.Users","C:\Program Files\WindowsPowerShell\Modules\Microsoft.Graph.Users"
"952","Microsoft.Graph.Users.Actions","C:\Program Files\WindowsPowerShell\Modules\Microsoft.Graph.Users.Actions"
"952","Microsoft.Online.SharePoint.PowerShell","C:\Program Files\WindowsPowerShell\Modules\Microsoft.Online.SharePoint.PowerShell"
"952","Microsoft.PowerShell.Operation.Validation","C:\Program Files\WindowsPowerShell\Modules\Microsoft.PowerShell.Operation.Validation"
"952","Microsoft.PowerShell.PSResourceGet","C:\Program Files\WindowsPowerShell\Modules\Microsoft.PowerShell.PSResourceGet"
"952","Microsoft.PowerShell.SecretManagement","C:\Program Files\WindowsPowerShell\Modules\Microsoft.PowerShell.SecretManagement"
"952","Microsoft.PowerShell.SecretStore","C:\Program Files\WindowsPowerShell\Modules\Microsoft.PowerShell.SecretStore"
"952","Microsoft.SME.CredSspPolicy","C:\Program Files\WindowsPowerShell\Modules\Microsoft.SME.CredSspPolicy"
"952","MicrosoftTeams","C:\Program Files\WindowsPowerShell\Modules\MicrosoftTeams"
"952","MigrateTo-AzureRM","C:\Program Files\WindowsPowerShell\Modules\MigrateTo-AzureRM"
"952","MrAAzure","C:\Program Files\WindowsPowerShell\Modules\MrAAzure"
"952","MSAL.PS","C:\Program Files\WindowsPowerShell\Modules\MSAL.PS"
"952","MSGraphStuff","C:\Program Files\WindowsPowerShell\Modules\MSGraphStuff"
"952","MSOnline","C:\Program Files\WindowsPowerShell\Modules\MSOnline"
"952","NetworkingDsc","C:\Program Files\WindowsPowerShell\Modules\NetworkingDsc"
"952","New-AzureRMRESTApiAuthenticationToken","C:\Program Files\WindowsPowerShell\Modules\New-AzureRMRESTApiAuthenticationToken"
"952","NewAzDoServiceConnection","C:\Program Files\WindowsPowerShell\Modules\NewAzDoServiceConnection"
"952","Noveris.AzAuto","C:\Program Files\WindowsPowerShell\Modules\Noveris.AzAuto"
"952","OfficeAndAzureTools","C:\Program Files\WindowsPowerShell\Modules\OfficeAndAzureTools"
"952","Om.Azure","C:\Program Files\WindowsPowerShell\Modules\Om.Azure"
"952","Om.Azure.Management","C:\Program Files\WindowsPowerShell\Modules\Om.Azure.Management"
"952","Optimized.AzAutomation","C:\Program Files\WindowsPowerShell\Modules\Optimized.AzAutomation"
"952","Optimized.Mga","C:\Program Files\WindowsPowerShell\Modules\Optimized.Mga"
"952","Optimized.Mga.AzureAD","C:\Program Files\WindowsPowerShell\Modules\Optimized.Mga.AzureAD"
"952","OriAzBopBoostrapOriPsgallery","C:\Program Files\WindowsPowerShell\Modules\OriAzBopBoostrapOriPsgallery"
"952","OSDCloudAzure","C:\Program Files\WindowsPowerShell\Modules\OSDCloudAzure"
"952","PackageManagement","C:\Program Files\WindowsPowerShell\Modules\PackageManagement"
"952","pcit.az.rbac","C:\Program Files\WindowsPowerShell\Modules\pcit.az.rbac"
"952","Pester","C:\Program Files\WindowsPowerShell\Modules\Pester"
"952","pf-azFuncDeploy","C:\Program Files\WindowsPowerShell\Modules\pf-azFuncDeploy"
"952","pf-AzPipelines","C:\Program Files\WindowsPowerShell\Modules\pf-AzPipelines"
"952","Pinja.Azure.Alerts","C:\Program Files\WindowsPowerShell\Modules\Pinja.Azure.Alerts"
"952","PipelinesAzureAgent","C:\Program Files\WindowsPowerShell\Modules\PipelinesAzureAgent"
"952","PnP.PowerShell","C:\Program Files\WindowsPowerShell\Modules\PnP.PowerShell"
"952","posh-azure","C:\Program Files\WindowsPowerShell\Modules\posh-azure"
"952","posh-azurecli","C:\Program Files\WindowsPowerShell\Modules\posh-azurecli"
"952","Posh-AzureDevOps","C:\Program Files\WindowsPowerShell\Modules\Posh-AzureDevOps"
"952","PoshBot","C:\Program Files\WindowsPowerShell\Modules\PoshBot"
"952","PoshBot.AzDos","C:\Program Files\WindowsPowerShell\Modules\PoshBot.AzDos"
"952","PoshBot.AzureAD","C:\Program Files\WindowsPowerShell\Modules\PoshBot.AzureAD"
"952","PowerHTML","C:\Program Files\WindowsPowerShell\Modules\PowerHTML"
"952","powershell-az","C:\Program Files\WindowsPowerShell\Modules\powershell-az"
"952","powershell-yaml","C:\Program Files\WindowsPowerShell\Modules\powershell-yaml"
"952","PowerShell.Azure.Data.Explorer","C:\Program Files\WindowsPowerShell\Modules\PowerShell.Azure.Data.Explorer"
"952","PowerShell.AzureDevOps","C:\Program Files\WindowsPowerShell\Modules\PowerShell.AzureDevOps"
"952","PowerShellAzureFunctions","C:\Program Files\WindowsPowerShell\Modules\PowerShellAzureFunctions"
"952","PowerShellGet","C:\Program Files\WindowsPowerShell\Modules\PowerShellGet"
"952","PPL.AzUtils","C:\Program Files\WindowsPowerShell\Modules\PPL.AzUtils"
"952","ProductivityTools.AzureAutomation","C:\Program Files\WindowsPowerShell\Modules\ProductivityTools.AzureAutomation"
"952","ProductivityTools.MasterConfiguration","C:\Program Files\WindowsPowerShell\Modules\ProductivityTools.MasterConfiguration"
"952","Provance.Azure","C:\Program Files\WindowsPowerShell\Modules\Provance.Azure"
"952","ps-azure-container-registry","C:\Program Files\WindowsPowerShell\Modules\ps-azure-container-registry"
"952","ps-AzureFaceAPI","C:\Program Files\WindowsPowerShell\Modules\ps-AzureFaceAPI"
"952","ps-vmware-az-assessment","C:\Program Files\WindowsPowerShell\Modules\ps-vmware-az-assessment"
"952","psAzD","C:\Program Files\WindowsPowerShell\Modules\psAzD"
"952","psazdevtestlabs","C:\Program Files\WindowsPowerShell\Modules\psazdevtestlabs"
"952","PSAzureAppConfiguration","C:\Program Files\WindowsPowerShell\Modules\PSAzureAppConfiguration"
"952","PsAzureCli","C:\Program Files\WindowsPowerShell\Modules\PsAzureCli"
"952","PSAzureDatabricks","C:\Program Files\WindowsPowerShell\Modules\PSAzureDatabricks"
"952","PsAzureDevOps","C:\Program Files\WindowsPowerShell\Modules\PsAzureDevOps"
"952","PSAzureFunctions","C:\Program Files\WindowsPowerShell\Modules\PSAzureFunctions"
"952","PSAzureMigrationAdvisor","C:\Program Files\WindowsPowerShell\Modules\PSAzureMigrationAdvisor"
"952","PSAzurePipelinesCITemplate","C:\Program Files\WindowsPowerShell\Modules\PSAzurePipelinesCITemplate"
"952","PSAzureQueue","C:\Program Files\WindowsPowerShell\Modules\PSAzureQueue"
"952","PSAzureSignTool","C:\Program Files\WindowsPowerShell\Modules\PSAzureSignTool"
"952","PSAzureToolkit","C:\Program Files\WindowsPowerShell\Modules\PSAzureToolkit"
"952","PSAzureUtils","C:\Program Files\WindowsPowerShell\Modules\PSAzureUtils"
"952","PSDocs","C:\Program Files\WindowsPowerShell\Modules\PSDocs"
"952","PSDocs.Azure","C:\Program Files\WindowsPowerShell\Modules\PSDocs.Azure"
"952","psengine.azure.tables","C:\Program Files\WindowsPowerShell\Modules\psengine.azure.tables"
"952","PSFramework","C:\Program Files\WindowsPowerShell\Modules\PSFramework"
"952","PSGraph","C:\Program Files\WindowsPowerShell\Modules\PSGraph"
"952","PSHelpFunctions","C:\Program Files\WindowsPowerShell\Modules\PSHelpFunctions"
"952","PsiPS.AzureAutomation","C:\Program Files\WindowsPowerShell\Modules\PsiPS.AzureAutomation"
"952","PSLoggingFunctions","C:\Program Files\WindowsPowerShell\Modules\PSLoggingFunctions"
"952","PSP-AzureInventory","C:\Program Files\WindowsPowerShell\Modules\PSP-AzureInventory"
"952","PSParseHTML","C:\Program Files\WindowsPowerShell\Modules\PSParseHTML"
"952","pspulumiyaml","C:\Program Files\WindowsPowerShell\Modules\pspulumiyaml"
"952","pspulumiyaml.azurenative","C:\Program Files\WindowsPowerShell\Modules\pspulumiyaml.azurenative"
"952","pspulumiyaml.azurenative.aad","C:\Program Files\WindowsPowerShell\Modules\pspulumiyaml.azurenative.aad"
"952","pspulumiyaml.azurenative.aadiam","C:\Program Files\WindowsPowerShell\Modules\pspulumiyaml.azurenative.aadiam"
"952","pspulumiyaml.azurenative.addons","C:\Program Files\WindowsPowerShell\Modules\pspulumiyaml.azurenative.addons"
"952","pspulumiyaml.azurenative.advisor","C:\Program Files\WindowsPowerShell\Modules\pspulumiyaml.azurenative.advisor"
"952","pspulumiyaml.azurenative.agfoodplatform","C:\Program Files\WindowsPowerShell\Modules\pspulumiyaml.azurenative.agfoodplatform"
"952","pspulumiyaml.azurenative.alertsmanagement","C:\Program Files\WindowsPowerShell\Modules\pspulumiyaml.azurenative.alertsmanagement"
"952","pspulumiyaml.azurenative.analysisservices","C:\Program Files\WindowsPowerShell\Modules\pspulumiyaml.azurenative.analysisservices"
"952","pspulumiyaml.azurenative.apimanagement","C:\Program Files\WindowsPowerShell\Modules\pspulumiyaml.azurenative.apimanagement"
"952","pspulumiyaml.azurenative.app","C:\Program Files\WindowsPowerShell\Modules\pspulumiyaml.azurenative.app"
"952","pspulumiyaml.azurenative.appconfiguration","C:\Program Files\WindowsPowerShell\Modules\pspulumiyaml.azurenative.appconfiguration"
"952","pspulumiyaml.azurenative.appplatform","C:\Program Files\WindowsPowerShell\Modules\pspulumiyaml.azurenative.appplatform"
"952","pspulumiyaml.azurenative.attestation","C:\Program Files\WindowsPowerShell\Modules\pspulumiyaml.azurenative.attestation"
"952","pspulumiyaml.azurenative.authorization","C:\Program Files\WindowsPowerShell\Modules\pspulumiyaml.azurenative.authorization"
"952","pspulumiyaml.azurenative.automanage","C:\Program Files\WindowsPowerShell\Modules\pspulumiyaml.azurenative.automanage"
"952","pspulumiyaml.azurenative.automation","C:\Program Files\WindowsPowerShell\Modules\pspulumiyaml.azurenative.automation"
"952","pspulumiyaml.azurenative.autonomousdevelopmentplatform","C:\Program Files\WindowsPowerShell\Modules\pspulumiyaml.azurenative.autonomousdevelopmentplatform"
"952","pspulumiyaml.azurenative.avs","C:\Program Files\WindowsPowerShell\Modules\pspulumiyaml.azurenative.avs"
"952","pspulumiyaml.azurenative.azureactivedirectory","C:\Program Files\WindowsPowerShell\Modules\pspulumiyaml.azurenative.azureactivedirectory"
"952","pspulumiyaml.azurenative.azurearcdata","C:\Program Files\WindowsPowerShell\Modules\pspulumiyaml.azurenative.azurearcdata"
"952","pspulumiyaml.azurenative.azuredata","C:\Program Files\WindowsPowerShell\Modules\pspulumiyaml.azurenative.azuredata"
"952","pspulumiyaml.azurenative.azurestack","C:\Program Files\WindowsPowerShell\Modules\pspulumiyaml.azurenative.azurestack"
"952","pspulumiyaml.azurenative.azurestackhci","C:\Program Files\WindowsPowerShell\Modules\pspulumiyaml.azurenative.azurestackhci"
"952","pspulumiyaml.azurenative.batch","C:\Program Files\WindowsPowerShell\Modules\pspulumiyaml.azurenative.batch"
"952","pspulumiyaml.azurenative.billing","C:\Program Files\WindowsPowerShell\Modules\pspulumiyaml.azurenative.billing"
"952","pspulumiyaml.azurenative.blockchain","C:\Program Files\WindowsPowerShell\Modules\pspulumiyaml.azurenative.blockchain"
"952","pspulumiyaml.azurenative.blueprint","C:\Program Files\WindowsPowerShell\Modules\pspulumiyaml.azurenative.blueprint"
"952","pspulumiyaml.azurenative.botservice","C:\Program Files\WindowsPowerShell\Modules\pspulumiyaml.azurenative.botservice"
"952","pspulumiyaml.azurenative.cache","C:\Program Files\WindowsPowerShell\Modules\pspulumiyaml.azurenative.cache"
"952","pspulumiyaml.azurenative.cdn","C:\Program Files\WindowsPowerShell\Modules\pspulumiyaml.azurenative.cdn"
"952","pspulumiyaml.azurenative.certificateregistration","C:\Program Files\WindowsPowerShell\Modules\pspulumiyaml.azurenative.certificateregistration"
"952","pspulumiyaml.azurenative.changeanalysis","C:\Program Files\WindowsPowerShell\Modules\pspulumiyaml.azurenative.changeanalysis"
"952","pspulumiyaml.azurenative.chaos","C:\Program Files\WindowsPowerShell\Modules\pspulumiyaml.azurenative.chaos"
"952","pspulumiyaml.azurenative.cognitiveservices","C:\Program Files\WindowsPowerShell\Modules\pspulumiyaml.azurenative.cognitiveservices"
"952","pspulumiyaml.azurenative.communication","C:\Program Files\WindowsPowerShell\Modules\pspulumiyaml.azurenative.communication"
"952","pspulumiyaml.azurenative.compute","C:\Program Files\WindowsPowerShell\Modules\pspulumiyaml.azurenative.compute"
"952","pspulumiyaml.azurenative.confidentialledger","C:\Program Files\WindowsPowerShell\Modules\pspulumiyaml.azurenative.confidentialledger"
"952","pspulumiyaml.azurenative.confluent","C:\Program Files\WindowsPowerShell\Modules\pspulumiyaml.azurenative.confluent"
"952","pspulumiyaml.azurenative.connectedvmwarevsphere","C:\Program Files\WindowsPowerShell\Modules\pspulumiyaml.azurenative.connectedvmwarevsphere"
"952","pspulumiyaml.azurenative.consumption","C:\Program Files\WindowsPowerShell\Modules\pspulumiyaml.azurenative.consumption"
"952","pspulumiyaml.azurenative.containerinstance","C:\Program Files\WindowsPowerShell\Modules\pspulumiyaml.azurenative.containerinstance"
"952","pspulumiyaml.azurenative.containerregistry","C:\Program Files\WindowsPowerShell\Modules\pspulumiyaml.azurenative.containerregistry"
"952","pspulumiyaml.azurenative.containerservice","C:\Program Files\WindowsPowerShell\Modules\pspulumiyaml.azurenative.containerservice"
"952","pspulumiyaml.azurenative.costmanagement","C:\Program Files\WindowsPowerShell\Modules\pspulumiyaml.azurenative.costmanagement"
"952","pspulumiyaml.azurenative.customerinsights","C:\Program Files\WindowsPowerShell\Modules\pspulumiyaml.azurenative.customerinsights"
"952","pspulumiyaml.azurenative.customproviders","C:\Program Files\WindowsPowerShell\Modules\pspulumiyaml.azurenative.customproviders"
"952","pspulumiyaml.azurenative.dashboard","C:\Program Files\WindowsPowerShell\Modules\pspulumiyaml.azurenative.dashboard"
"952","pspulumiyaml.azurenative.databox","C:\Program Files\WindowsPowerShell\Modules\pspulumiyaml.azurenative.databox"
"952","pspulumiyaml.azurenative.databoxedge","C:\Program Files\WindowsPowerShell\Modules\pspulumiyaml.azurenative.databoxedge"
"952","pspulumiyaml.azurenative.databricks","C:\Program Files\WindowsPowerShell\Modules\pspulumiyaml.azurenative.databricks"
"952","pspulumiyaml.azurenative.datacatalog","C:\Program Files\WindowsPowerShell\Modules\pspulumiyaml.azurenative.datacatalog"
"952","pspulumiyaml.azurenative.datadog","C:\Program Files\WindowsPowerShell\Modules\pspulumiyaml.azurenative.datadog"
"952","pspulumiyaml.azurenative.datafactory","C:\Program Files\WindowsPowerShell\Modules\pspulumiyaml.azurenative.datafactory"
"952","pspulumiyaml.azurenative.datalakeanalytics","C:\Program Files\WindowsPowerShell\Modules\pspulumiyaml.azurenative.datalakeanalytics"
"952","pspulumiyaml.azurenative.datalakestore","C:\Program Files\WindowsPowerShell\Modules\pspulumiyaml.azurenative.datalakestore"
"952","pspulumiyaml.azurenative.datamigration","C:\Program Files\WindowsPowerShell\Modules\pspulumiyaml.azurenative.datamigration"
"952","pspulumiyaml.azurenative.dataprotection","C:\Program Files\WindowsPowerShell\Modules\pspulumiyaml.azurenative.dataprotection"
"952","pspulumiyaml.azurenative.datashare","C:\Program Files\WindowsPowerShell\Modules\pspulumiyaml.azurenative.datashare"
"952","pspulumiyaml.azurenative.dbformariadb","C:\Program Files\WindowsPowerShell\Modules\pspulumiyaml.azurenative.dbformariadb"
"952","pspulumiyaml.azurenative.dbformysql","C:\Program Files\WindowsPowerShell\Modules\pspulumiyaml.azurenative.dbformysql"
"952","pspulumiyaml.azurenative.dbforpostgresql","C:\Program Files\WindowsPowerShell\Modules\pspulumiyaml.azurenative.dbforpostgresql"
"952","pspulumiyaml.azurenative.delegatednetwork","C:\Program Files\WindowsPowerShell\Modules\pspulumiyaml.azurenative.delegatednetwork"
"952","pspulumiyaml.azurenative.deploymentmanager","C:\Program Files\WindowsPowerShell\Modules\pspulumiyaml.azurenative.deploymentmanager"
"952","pspulumiyaml.azurenative.desktopvirtualization","C:\Program Files\WindowsPowerShell\Modules\pspulumiyaml.azurenative.desktopvirtualization"
"952","pspulumiyaml.azurenative.devhub","C:\Program Files\WindowsPowerShell\Modules\pspulumiyaml.azurenative.devhub"
"952","pspulumiyaml.azurenative.devices","C:\Program Files\WindowsPowerShell\Modules\pspulumiyaml.azurenative.devices"
"952","pspulumiyaml.azurenative.deviceupdate","C:\Program Files\WindowsPowerShell\Modules\pspulumiyaml.azurenative.deviceupdate"
"952","pspulumiyaml.azurenative.devops","C:\Program Files\WindowsPowerShell\Modules\pspulumiyaml.azurenative.devops"
"952","pspulumiyaml.azurenative.devspaces","C:\Program Files\WindowsPowerShell\Modules\pspulumiyaml.azurenative.devspaces"
"952","pspulumiyaml.azurenative.devtestlab","C:\Program Files\WindowsPowerShell\Modules\pspulumiyaml.azurenative.devtestlab"
"952","pspulumiyaml.azurenative.digitaltwins","C:\Program Files\WindowsPowerShell\Modules\pspulumiyaml.azurenative.digitaltwins"
"952","pspulumiyaml.azurenative.documentdb","C:\Program Files\WindowsPowerShell\Modules\pspulumiyaml.azurenative.documentdb"
"952","pspulumiyaml.azurenative.domainregistration","C:\Program Files\WindowsPowerShell\Modules\pspulumiyaml.azurenative.domainregistration"
"952","pspulumiyaml.azurenative.dynamics365fraudprotection","C:\Program Files\WindowsPowerShell\Modules\pspulumiyaml.azurenative.dynamics365fraudprotection"
"952","pspulumiyaml.azurenative.edgeorder","C:\Program Files\WindowsPowerShell\Modules\pspulumiyaml.azurenative.edgeorder"
"952","pspulumiyaml.azurenative.education","C:\Program Files\WindowsPowerShell\Modules\pspulumiyaml.azurenative.education"
"952","pspulumiyaml.azurenative.elastic","C:\Program Files\WindowsPowerShell\Modules\pspulumiyaml.azurenative.elastic"
"952","pspulumiyaml.azurenative.elasticsan","C:\Program Files\WindowsPowerShell\Modules\pspulumiyaml.azurenative.elasticsan"
"952","pspulumiyaml.azurenative.engagementfabric","C:\Program Files\WindowsPowerShell\Modules\pspulumiyaml.azurenative.engagementfabric"
"952","pspulumiyaml.azurenative.enterpriseknowledgegraph","C:\Program Files\WindowsPowerShell\Modules\pspulumiyaml.azurenative.enterpriseknowledgegraph"
"952","pspulumiyaml.azurenative.eventgrid","C:\Program Files\WindowsPowerShell\Modules\pspulumiyaml.azurenative.eventgrid"
"952","pspulumiyaml.azurenative.eventhub","C:\Program Files\WindowsPowerShell\Modules\pspulumiyaml.azurenative.eventhub"
"952","pspulumiyaml.azurenative.extendedlocation","C:\Program Files\WindowsPowerShell\Modules\pspulumiyaml.azurenative.extendedlocation"
"952","pspulumiyaml.azurenative.features","C:\Program Files\WindowsPowerShell\Modules\pspulumiyaml.azurenative.features"
"952","pspulumiyaml.azurenative.fluidrelay","C:\Program Files\WindowsPowerShell\Modules\pspulumiyaml.azurenative.fluidrelay"
"952","pspulumiyaml.azurenative.guestconfiguration","C:\Program Files\WindowsPowerShell\Modules\pspulumiyaml.azurenative.guestconfiguration"
"952","pspulumiyaml.azurenative.hanaonazure","C:\Program Files\WindowsPowerShell\Modules\pspulumiyaml.azurenative.hanaonazure"
"952","pspulumiyaml.azurenative.hardwaresecuritymodules","C:\Program Files\WindowsPowerShell\Modules\pspulumiyaml.azurenative.hardwaresecuritymodules"
"952","pspulumiyaml.azurenative.hdinsight","C:\Program Files\WindowsPowerShell\Modules\pspulumiyaml.azurenative.hdinsight"
"952","pspulumiyaml.azurenative.healthbot","C:\Program Files\WindowsPowerShell\Modules\pspulumiyaml.azurenative.healthbot"
"952","pspulumiyaml.azurenative.healthcareapis","C:\Program Files\WindowsPowerShell\Modules\pspulumiyaml.azurenative.healthcareapis"
"952","pspulumiyaml.azurenative.hybridcompute","C:\Program Files\WindowsPowerShell\Modules\pspulumiyaml.azurenative.hybridcompute"
"952","pspulumiyaml.azurenative.hybridconnectivity","C:\Program Files\WindowsPowerShell\Modules\pspulumiyaml.azurenative.hybridconnectivity"
"952","pspulumiyaml.azurenative.hybriddata","C:\Program Files\WindowsPowerShell\Modules\pspulumiyaml.azurenative.hybriddata"
"952","pspulumiyaml.azurenative.hybridnetwork","C:\Program Files\WindowsPowerShell\Modules\pspulumiyaml.azurenative.hybridnetwork"
"952","pspulumiyaml.azurenative.importexport","C:\Program Files\WindowsPowerShell\Modules\pspulumiyaml.azurenative.importexport"
"952","pspulumiyaml.azurenative.insights","C:\Program Files\WindowsPowerShell\Modules\pspulumiyaml.azurenative.insights"
"952","pspulumiyaml.azurenative.intune","C:\Program Files\WindowsPowerShell\Modules\pspulumiyaml.azurenative.intune"
"952","pspulumiyaml.azurenative.iotcentral","C:\Program Files\WindowsPowerShell\Modules\pspulumiyaml.azurenative.iotcentral"
"952","pspulumiyaml.azurenative.iotsecurity","C:\Program Files\WindowsPowerShell\Modules\pspulumiyaml.azurenative.iotsecurity"
"952","pspulumiyaml.azurenative.keyvault","C:\Program Files\WindowsPowerShell\Modules\pspulumiyaml.azurenative.keyvault"
"952","pspulumiyaml.azurenative.kubernetes","C:\Program Files\WindowsPowerShell\Modules\pspulumiyaml.azurenative.kubernetes"
"952","pspulumiyaml.azurenative.kubernetesconfiguration","C:\Program Files\WindowsPowerShell\Modules\pspulumiyaml.azurenative.kubernetesconfiguration"
"952","pspulumiyaml.azurenative.kusto","C:\Program Files\WindowsPowerShell\Modules\pspulumiyaml.azurenative.kusto"
"952","pspulumiyaml.azurenative.labservices","C:\Program Files\WindowsPowerShell\Modules\pspulumiyaml.azurenative.labservices"
"952","pspulumiyaml.azurenative.loadtestservice","C:\Program Files\WindowsPowerShell\Modules\pspulumiyaml.azurenative.loadtestservice"
"952","pspulumiyaml.azurenative.logic","C:\Program Files\WindowsPowerShell\Modules\pspulumiyaml.azurenative.logic"
"952","pspulumiyaml.azurenative.logz","C:\Program Files\WindowsPowerShell\Modules\pspulumiyaml.azurenative.logz"
"952","pspulumiyaml.azurenative.m365securityandcompliance","C:\Program Files\WindowsPowerShell\Modules\pspulumiyaml.azurenative.m365securityandcompliance"
"952","pspulumiyaml.azurenative.machinelearning","C:\Program Files\WindowsPowerShell\Modules\pspulumiyaml.azurenative.machinelearning"
"952","pspulumiyaml.azurenative.machinelearningcompute","C:\Program Files\WindowsPowerShell\Modules\pspulumiyaml.azurenative.machinelearningcompute"
"952","pspulumiyaml.azurenative.machinelearningexperimentation","C:\Program Files\WindowsPowerShell\Modules\pspulumiyaml.azurenative.machinelearningexperimentation"
"952","pspulumiyaml.azurenative.machinelearningservices","C:\Program Files\WindowsPowerShell\Modules\pspulumiyaml.azurenative.machinelearningservices"
"952","pspulumiyaml.azurenative.maintenance","C:\Program Files\WindowsPowerShell\Modules\pspulumiyaml.azurenative.maintenance"
"952","pspulumiyaml.azurenative.managedidentity","C:\Program Files\WindowsPowerShell\Modules\pspulumiyaml.azurenative.managedidentity"
"952","pspulumiyaml.azurenative.managednetwork","C:\Program Files\WindowsPowerShell\Modules\pspulumiyaml.azurenative.managednetwork"
"952","pspulumiyaml.azurenative.managedservices","C:\Program Files\WindowsPowerShell\Modules\pspulumiyaml.azurenative.managedservices"
"952","pspulumiyaml.azurenative.management","C:\Program Files\WindowsPowerShell\Modules\pspulumiyaml.azurenative.management"
"952","pspulumiyaml.azurenative.managementpartner","C:\Program Files\WindowsPowerShell\Modules\pspulumiyaml.azurenative.managementpartner"
"952","pspulumiyaml.azurenative.maps","C:\Program Files\WindowsPowerShell\Modules\pspulumiyaml.azurenative.maps"
"952","pspulumiyaml.azurenative.marketplace","C:\Program Files\WindowsPowerShell\Modules\pspulumiyaml.azurenative.marketplace"
"952","pspulumiyaml.azurenative.media","C:\Program Files\WindowsPowerShell\Modules\pspulumiyaml.azurenative.media"
"952","pspulumiyaml.azurenative.migrate","C:\Program Files\WindowsPowerShell\Modules\pspulumiyaml.azurenative.migrate"
"952","pspulumiyaml.azurenative.mixedreality","C:\Program Files\WindowsPowerShell\Modules\pspulumiyaml.azurenative.mixedreality"
"952","pspulumiyaml.azurenative.mobilenetwork","C:\Program Files\WindowsPowerShell\Modules\pspulumiyaml.azurenative.mobilenetwork"
"952","pspulumiyaml.azurenative.netapp","C:\Program Files\WindowsPowerShell\Modules\pspulumiyaml.azurenative.netapp"
"952","pspulumiyaml.azurenative.network","C:\Program Files\WindowsPowerShell\Modules\pspulumiyaml.azurenative.network"
"952","pspulumiyaml.azurenative.networkfunction","C:\Program Files\WindowsPowerShell\Modules\pspulumiyaml.azurenative.networkfunction"
"952","pspulumiyaml.azurenative.notificationhubs","C:\Program Files\WindowsPowerShell\Modules\pspulumiyaml.azurenative.notificationhubs"
"952","pspulumiyaml.azurenative.offazure","C:\Program Files\WindowsPowerShell\Modules\pspulumiyaml.azurenative.offazure"
"952","pspulumiyaml.azurenative.openenergyplatform","C:\Program Files\WindowsPowerShell\Modules\pspulumiyaml.azurenative.openenergyplatform"
"952","pspulumiyaml.azurenative.operationalinsights","C:\Program Files\WindowsPowerShell\Modules\pspulumiyaml.azurenative.operationalinsights"
"952","pspulumiyaml.azurenative.operationsmanagement","C:\Program Files\WindowsPowerShell\Modules\pspulumiyaml.azurenative.operationsmanagement"
"952","pspulumiyaml.azurenative.orbital","C:\Program Files\WindowsPowerShell\Modules\pspulumiyaml.azurenative.orbital"
"952","pspulumiyaml.azurenative.peering","C:\Program Files\WindowsPowerShell\Modules\pspulumiyaml.azurenative.peering"
"952","pspulumiyaml.azurenative.policyinsights","C:\Program Files\WindowsPowerShell\Modules\pspulumiyaml.azurenative.policyinsights"
"952","pspulumiyaml.azurenative.portal","C:\Program Files\WindowsPowerShell\Modules\pspulumiyaml.azurenative.portal"
"952","pspulumiyaml.azurenative.powerbi","C:\Program Files\WindowsPowerShell\Modules\pspulumiyaml.azurenative.powerbi"
"952","pspulumiyaml.azurenative.powerbidedicated","C:\Program Files\WindowsPowerShell\Modules\pspulumiyaml.azurenative.powerbidedicated"
"952","pspulumiyaml.azurenative.powerplatform","C:\Program Files\WindowsPowerShell\Modules\pspulumiyaml.azurenative.powerplatform"
"952","pspulumiyaml.azurenative.providerhub","C:\Program Files\WindowsPowerShell\Modules\pspulumiyaml.azurenative.providerhub"
"952","pspulumiyaml.azurenative.purview","C:\Program Files\WindowsPowerShell\Modules\pspulumiyaml.azurenative.purview"
"952","pspulumiyaml.azurenative.quantum","C:\Program Files\WindowsPowerShell\Modules\pspulumiyaml.azurenative.quantum"
"952","pspulumiyaml.azurenative.recommendationsservice","C:\Program Files\WindowsPowerShell\Modules\pspulumiyaml.azurenative.recommendationsservice"
"952","pspulumiyaml.azurenative.recoveryservices","C:\Program Files\WindowsPowerShell\Modules\pspulumiyaml.azurenative.recoveryservices"
"952","pspulumiyaml.azurenative.redhatopenshift","C:\Program Files\WindowsPowerShell\Modules\pspulumiyaml.azurenative.redhatopenshift"
"952","pspulumiyaml.azurenative.relay","C:\Program Files\WindowsPowerShell\Modules\pspulumiyaml.azurenative.relay"
"952","pspulumiyaml.azurenative.resourceconnector","C:\Program Files\WindowsPowerShell\Modules\pspulumiyaml.azurenative.resourceconnector"
"952","pspulumiyaml.azurenative.resourcegraph","C:\Program Files\WindowsPowerShell\Modules\pspulumiyaml.azurenative.resourcegraph"
"952","pspulumiyaml.azurenative.resources","C:\Program Files\WindowsPowerShell\Modules\pspulumiyaml.azurenative.resources"
"952","pspulumiyaml.azurenative.saas","C:\Program Files\WindowsPowerShell\Modules\pspulumiyaml.azurenative.saas"
"952","pspulumiyaml.azurenative.scheduler","C:\Program Files\WindowsPowerShell\Modules\pspulumiyaml.azurenative.scheduler"
"952","pspulumiyaml.azurenative.scvmm","C:\Program Files\WindowsPowerShell\Modules\pspulumiyaml.azurenative.scvmm"
"952","pspulumiyaml.azurenative.search","C:\Program Files\WindowsPowerShell\Modules\pspulumiyaml.azurenative.search"
"952","pspulumiyaml.azurenative.security","C:\Program Files\WindowsPowerShell\Modules\pspulumiyaml.azurenative.security"
"952","pspulumiyaml.azurenative.securityandcompliance","C:\Program Files\WindowsPowerShell\Modules\pspulumiyaml.azurenative.securityandcompliance"
"952","pspulumiyaml.azurenative.securityinsights","C:\Program Files\WindowsPowerShell\Modules\pspulumiyaml.azurenative.securityinsights"
"952","pspulumiyaml.azurenative.serialconsole","C:\Program Files\WindowsPowerShell\Modules\pspulumiyaml.azurenative.serialconsole"
"952","pspulumiyaml.azurenative.servicebus","C:\Program Files\WindowsPowerShell\Modules\pspulumiyaml.azurenative.servicebus"
"952","pspulumiyaml.azurenative.servicefabric","C:\Program Files\WindowsPowerShell\Modules\pspulumiyaml.azurenative.servicefabric"
"952","pspulumiyaml.azurenative.servicefabricmesh","C:\Program Files\WindowsPowerShell\Modules\pspulumiyaml.azurenative.servicefabricmesh"
"952","pspulumiyaml.azurenative.servicelinker","C:\Program Files\WindowsPowerShell\Modules\pspulumiyaml.azurenative.servicelinker"
"952","pspulumiyaml.azurenative.signalrservice","C:\Program Files\WindowsPowerShell\Modules\pspulumiyaml.azurenative.signalrservice"
"952","pspulumiyaml.azurenative.softwareplan","C:\Program Files\WindowsPowerShell\Modules\pspulumiyaml.azurenative.softwareplan"
"952","pspulumiyaml.azurenative.solutions","C:\Program Files\WindowsPowerShell\Modules\pspulumiyaml.azurenative.solutions"
"952","pspulumiyaml.azurenative.sql","C:\Program Files\WindowsPowerShell\Modules\pspulumiyaml.azurenative.sql"
"952","pspulumiyaml.azurenative.sqlvirtualmachine","C:\Program Files\WindowsPowerShell\Modules\pspulumiyaml.azurenative.sqlvirtualmachine"
"952","pspulumiyaml.azurenative.storage","C:\Program Files\WindowsPowerShell\Modules\pspulumiyaml.azurenative.storage"
"952","pspulumiyaml.azurenative.storagecache","C:\Program Files\WindowsPowerShell\Modules\pspulumiyaml.azurenative.storagecache"
"952","pspulumiyaml.azurenative.storagepool","C:\Program Files\WindowsPowerShell\Modules\pspulumiyaml.azurenative.storagepool"
"952","pspulumiyaml.azurenative.storagesync","C:\Program Files\WindowsPowerShell\Modules\pspulumiyaml.azurenative.storagesync"
"952","pspulumiyaml.azurenative.storsimple","C:\Program Files\WindowsPowerShell\Modules\pspulumiyaml.azurenative.storsimple"
"952","pspulumiyaml.azurenative.streamanalytics","C:\Program Files\WindowsPowerShell\Modules\pspulumiyaml.azurenative.streamanalytics"
"952","pspulumiyaml.azurenative.subscription","C:\Program Files\WindowsPowerShell\Modules\pspulumiyaml.azurenative.subscription"
"952","pspulumiyaml.azurenative.synapse","C:\Program Files\WindowsPowerShell\Modules\pspulumiyaml.azurenative.synapse"
"952","pspulumiyaml.azurenative.testbase","C:\Program Files\WindowsPowerShell\Modules\pspulumiyaml.azurenative.testbase"
"952","pspulumiyaml.azurenative.timeseriesinsights","C:\Program Files\WindowsPowerShell\Modules\pspulumiyaml.azurenative.timeseriesinsights"
"952","pspulumiyaml.azurenative.videoanalyzer","C:\Program Files\WindowsPowerShell\Modules\pspulumiyaml.azurenative.videoanalyzer"
"952","pspulumiyaml.azurenative.videoindexer","C:\Program Files\WindowsPowerShell\Modules\pspulumiyaml.azurenative.videoindexer"
"952","pspulumiyaml.azurenative.virtualmachineimages","C:\Program Files\WindowsPowerShell\Modules\pspulumiyaml.azurenative.virtualmachineimages"
"952","pspulumiyaml.azurenative.visualstudio","C:\Program Files\WindowsPowerShell\Modules\pspulumiyaml.azurenative.visualstudio"
"952","pspulumiyaml.azurenative.vmwarecloudsimple","C:\Program Files\WindowsPowerShell\Modules\pspulumiyaml.azurenative.vmwarecloudsimple"
"952","pspulumiyaml.azurenative.web","C:\Program Files\WindowsPowerShell\Modules\pspulumiyaml.azurenative.web"
"952","pspulumiyaml.azurenative.webpubsub","C:\Program Files\WindowsPowerShell\Modules\pspulumiyaml.azurenative.webpubsub"
"952","pspulumiyaml.azurenative.windowsesu","C:\Program Files\WindowsPowerShell\Modules\pspulumiyaml.azurenative.windowsesu"
"952","pspulumiyaml.azurenative.windowsiot","C:\Program Files\WindowsPowerShell\Modules\pspulumiyaml.azurenative.windowsiot"
"952","pspulumiyaml.azurenative.workloads","C:\Program Files\WindowsPowerShell\Modules\pspulumiyaml.azurenative.workloads"
"952","PSReadLine","C:\Program Files\WindowsPowerShell\Modules\PSReadLine"
"952","PSRule","C:\Program Files\WindowsPowerShell\Modules\PSRule"
"952","PSRule.Rules.Azure","C:\Program Files\WindowsPowerShell\Modules\PSRule.Rules.Azure"
"952","PSRule.Rules.AzureDevOps","C:\Program Files\WindowsPowerShell\Modules\PSRule.Rules.AzureDevOps"
"952","PSSlack","C:\Program Files\WindowsPowerShell\Modules\PSSlack"
"952","PSSQLite","C:\Program Files\WindowsPowerShell\Modules\PSSQLite"
"952","PSWinDocumentation.AzureHealthService","C:\Program Files\WindowsPowerShell\Modules\PSWinDocumentation.AzureHealthService"
"952","PwrRazzle","C:\Program Files\WindowsPowerShell\Modules\PwrRazzle"
"952","PwshAzContainer","C:\Program Files\WindowsPowerShell\Modules\PwshAzContainer"
"952","PwshAzCosmosDB","C:\Program Files\WindowsPowerShell\Modules\PwshAzCosmosDB"
"952","Refactor","C:\Program Files\WindowsPowerShell\Modules\Refactor"
"952","Remove-AzVMDisksNICsPIPs","C:\Program Files\WindowsPowerShell\Modules\Remove-AzVMDisksNICsPIPs"
"952","Rename-AzVm","C:\Program Files\WindowsPowerShell\Modules\Rename-AzVm"
"952","Repair-AzVM","C:\Program Files\WindowsPowerShell\Modules\Repair-AzVM"
"952","RestConnect","C:\Program Files\WindowsPowerShell\Modules\RestConnect"
"952","Revo.Az","C:\Program Files\WindowsPowerShell\Modules\Revo.Az"
"952","RPGDice","C:\Program Files\WindowsPowerShell\Modules\RPGDice"
"952","RVR.AZPipelineTools","C:\Program Files\WindowsPowerShell\Modules\RVR.AZPipelineTools"
"952","SACRED.Rotate.Azure.CosmosDB","C:\Program Files\WindowsPowerShell\Modules\SACRED.Rotate.Azure.CosmosDB"
"952","SACRED.Rotate.Azure.ServicePrincipal","C:\Program Files\WindowsPowerShell\Modules\SACRED.Rotate.Azure.ServicePrincipal"
"952","SACRED.Update.Azure.KeyVault","C:\Program Files\WindowsPowerShell\Modules\SACRED.Update.Azure.KeyVault"
"952","SACRED.Util.Azure","C:\Program Files\WindowsPowerShell\Modules\SACRED.Util.Azure"
"952","Sampler.AzureDevOpsTasks","C:\Program Files\WindowsPowerShell\Modules\Sampler.AzureDevOpsTasks"
"952","SAPAzurePowerShellModules","C:\Program Files\WindowsPowerShell\Modules\SAPAzurePowerShellModules"
"952","SCOrchDev-AzureAutomationIntegration","C:\Program Files\WindowsPowerShell\Modules\SCOrchDev-AzureAutomationIntegration"
"952","SCOrchDev-Exception","C:\Program Files\WindowsPowerShell\Modules\SCOrchDev-Exception"
"952","SCOrchDev-File","C:\Program Files\WindowsPowerShell\Modules\SCOrchDev-File"
"952","SCOrchDev-GitIntegration","C:\Program Files\WindowsPowerShell\Modules\SCOrchDev-GitIntegration"
"952","SCOrchDev-Utility","C:\Program Files\WindowsPowerShell\Modules\SCOrchDev-Utility"
"952","Set-AzAdvancedContext","C:\Program Files\WindowsPowerShell\Modules\Set-AzAdvancedContext"
"952","SHiPS","C:\Program Files\WindowsPowerShell\Modules\SHiPS"
"952","SimpleAzureDevOps","C:\Program Files\WindowsPowerShell\Modules\SimpleAzureDevOps"
"952","SitecoreInstallAzure","C:\Program Files\WindowsPowerShell\Modules\SitecoreInstallAzure"
"952","SixPivot.Azure","C:\Program Files\WindowsPowerShell\Modules\SixPivot.Azure"
"952","sjAzureTools","C:\Program Files\WindowsPowerShell\Modules\sjAzureTools"
"952","SkunkLabAzure","C:\Program Files\WindowsPowerShell\Modules\SkunkLabAzure"
"952","SmartPlanets.AzureUtilities","C:\Program Files\WindowsPowerShell\Modules\SmartPlanets.AzureUtilities"
"952","spec.azure.tables","C:\Program Files\WindowsPowerShell\Modules\spec.azure.tables"
"952","SpecAzTables","C:\Program Files\WindowsPowerShell\Modules\SpecAzTables"
"952","SpecAzTableStorageTools","C:\Program Files\WindowsPowerShell\Modules\SpecAzTableStorageTools"
"952","Split-AzResourceID","C:\Program Files\WindowsPowerShell\Modules\Split-AzResourceID"
"952","Taskal.Azure.Modules","C:\Program Files\WindowsPowerShell\Modules\Taskal.Azure.Modules"
"952","TMConsole.Provider.Amazon.MGN","C:\Program Files\WindowsPowerShell\Modules\TMConsole.Provider.Amazon.MGN"
"952","Trackyon.Utils","C:\Program Files\WindowsPowerShell\Modules\Trackyon.Utils"
"952","UMN-Azure","C:\Program Files\WindowsPowerShell\Modules\UMN-Azure"
"952","UncommonSense.AzureDevops.Logging","C:\Program Files\WindowsPowerShell\Modules\UncommonSense.AzureDevops.Logging"
"952","UniversalDashboard.Azure","C:\Program Files\WindowsPowerShell\Modules\UniversalDashboard.Azure"
"952","Update-ImmutableIDAzureAD","C:\Program Files\WindowsPowerShell\Modules\Update-ImmutableIDAzureAD"
"952","Use-AzureAD","C:\Program Files\WindowsPowerShell\Modules\Use-AzureAD"
"952","VcRedist","C:\Program Files\WindowsPowerShell\Modules\VcRedist"
"952","VSTeam","C:\Program Files\WindowsPowerShell\Modules\VSTeam"
"952","VstsTaskSdk","C:\Program Files\WindowsPowerShell\Modules\VstsTaskSdk"
"952","WakeUpAzureWebApp","C:\Program Files\WindowsPowerShell\Modules\WakeUpAzureWebApp"
"952","Write-AzLogEntry","C:\Program Files\WindowsPowerShell\Modules\Write-AzLogEntry"
"952","xActiveDirectory","C:\Program Files\WindowsPowerShell\Modules\xActiveDirectory"
"952","XAz","C:\Program Files\WindowsPowerShell\Modules\XAz"
"952","xAzure","C:\Program Files\WindowsPowerShell\Modules\xAzure"
"952","xAzurePack","C:\Program Files\WindowsPowerShell\Modules\xAzurePack"
"952","xAzureTempDrive","C:\Program Files\WindowsPowerShell\Modules\xAzureTempDrive"
"952","xDhcpServer","C:\Program Files\WindowsPowerShell\Modules\xDhcpServer"
"952","xDnsServer","C:\Program Files\WindowsPowerShell\Modules\xDnsServer"
"1035","AppBackgroundTask","C:\WINDOWS\system32\WindowsPowerShell\v1.0\Modules\AppBackgroundTask"
"1035","AppLocker","C:\WINDOWS\system32\WindowsPowerShell\v1.0\Modules\AppLocker"
"1035","AppvClient","C:\WINDOWS\system32\WindowsPowerShell\v1.0\Modules\AppvClient"
"1035","Appx","C:\WINDOWS\system32\WindowsPowerShell\v1.0\Modules\Appx"
"1035","AssignedAccess","C:\WINDOWS\system32\WindowsPowerShell\v1.0\Modules\AssignedAccess"
"1035","BitLocker","C:\WINDOWS\system32\WindowsPowerShell\v1.0\Modules\BitLocker"
"1035","BitsTransfer","C:\WINDOWS\system32\WindowsPowerShell\v1.0\Modules\BitsTransfer"
"1035","BranchCache","C:\WINDOWS\system32\WindowsPowerShell\v1.0\Modules\BranchCache"
"1035","CimCmdlets","C:\WINDOWS\system32\WindowsPowerShell\v1.0\Modules\CimCmdlets"
"1035","ConfigCI","C:\WINDOWS\system32\WindowsPowerShell\v1.0\Modules\ConfigCI"
"1035","ConfigDefender","C:\WINDOWS\system32\WindowsPowerShell\v1.0\Modules\ConfigDefender"
"1035","ConfigDefenderPerformance","C:\WINDOWS\system32\WindowsPowerShell\v1.0\Modules\ConfigDefenderPerformance"
"1035","Defender","C:\WINDOWS\system32\WindowsPowerShell\v1.0\Modules\Defender"
"1035","DefenderPerformance","C:\WINDOWS\system32\WindowsPowerShell\v1.0\Modules\DefenderPerformance"
"1035","DeliveryOptimization","C:\WINDOWS\system32\WindowsPowerShell\v1.0\Modules\DeliveryOptimization"
"1035","DirectAccessClientComponents","C:\WINDOWS\system32\WindowsPowerShell\v1.0\Modules\DirectAccessClientComponents"
"1035","Dism","C:\WINDOWS\system32\WindowsPowerShell\v1.0\Modules\Dism"
"1035","DnsClient","C:\WINDOWS\system32\WindowsPowerShell\v1.0\Modules\DnsClient"
"1035","EventTracingManagement","C:\WINDOWS\system32\WindowsPowerShell\v1.0\Modules\EventTracingManagement"
"1035","Get-NetView","C:\WINDOWS\system32\WindowsPowerShell\v1.0\Modules\Get-NetView"
"1035","HostNetworkingService","C:\WINDOWS\system32\WindowsPowerShell\v1.0\Modules\HostNetworkingService"
"1035","International","C:\WINDOWS\system32\WindowsPowerShell\v1.0\Modules\International"
"1035","iSCSI","C:\WINDOWS\system32\WindowsPowerShell\v1.0\Modules\iSCSI"
"1035","ISE","C:\WINDOWS\system32\WindowsPowerShell\v1.0\Modules\ISE"
"1035","Kds","C:\WINDOWS\system32\WindowsPowerShell\v1.0\Modules\Kds"
"1035","LanguagePackManagement","C:\WINDOWS\system32\WindowsPowerShell\v1.0\Modules\LanguagePackManagement"
"1035","LAPS","C:\WINDOWS\system32\WindowsPowerShell\v1.0\Modules\LAPS"
"1035","Microsoft.PowerShell.Archive","C:\WINDOWS\system32\WindowsPowerShell\v1.0\Modules\Microsoft.PowerShell.Archive"
"1035","Microsoft.PowerShell.Diagnostics","C:\WINDOWS\system32\WindowsPowerShell\v1.0\Modules\Microsoft.PowerShell.Diagnostics"
"1035","Microsoft.PowerShell.Host","C:\WINDOWS\system32\WindowsPowerShell\v1.0\Modules\Microsoft.PowerShell.Host"
"1035","Microsoft.PowerShell.LocalAccounts","C:\WINDOWS\system32\WindowsPowerShell\v1.0\Modules\Microsoft.PowerShell.LocalAccounts"
"1035","Microsoft.PowerShell.Management","C:\WINDOWS\system32\WindowsPowerShell\v1.0\Modules\Microsoft.PowerShell.Management"
"1035","Microsoft.PowerShell.ODataUtils","C:\WINDOWS\system32\WindowsPowerShell\v1.0\Modules\Microsoft.PowerShell.ODataUtils"
"1035","Microsoft.PowerShell.Security","C:\WINDOWS\system32\WindowsPowerShell\v1.0\Modules\Microsoft.PowerShell.Security"
"1035","Microsoft.PowerShell.Utility","C:\WINDOWS\system32\WindowsPowerShell\v1.0\Modules\Microsoft.PowerShell.Utility"
"1035","Microsoft.Windows.Bcd.Cmdlets","C:\WINDOWS\system32\WindowsPowerShell\v1.0\Modules\Microsoft.Windows.Bcd.Cmdlets"
"1035","Microsoft.WSMan.Management","C:\WINDOWS\system32\WindowsPowerShell\v1.0\Modules\Microsoft.WSMan.Management"
"1035","MMAgent","C:\WINDOWS\system32\WindowsPowerShell\v1.0\Modules\MMAgent"
"1035","MsDtc","C:\WINDOWS\system32\WindowsPowerShell\v1.0\Modules\MsDtc"
"1035","NetAdapter","C:\WINDOWS\system32\WindowsPowerShell\v1.0\Modules\NetAdapter"
"1035","NetConnection","C:\WINDOWS\system32\WindowsPowerShell\v1.0\Modules\NetConnection"
"1035","NetEventPacketCapture","C:\WINDOWS\system32\WindowsPowerShell\v1.0\Modules\NetEventPacketCapture"
"1035","NetLbfo","C:\WINDOWS\system32\WindowsPowerShell\v1.0\Modules\NetLbfo"
"1035","NetNat","C:\WINDOWS\system32\WindowsPowerShell\v1.0\Modules\NetNat"
"1035","NetQos","C:\WINDOWS\system32\WindowsPowerShell\v1.0\Modules\NetQos"
"1035","NetSecurity","C:\WINDOWS\system32\WindowsPowerShell\v1.0\Modules\NetSecurity"
"1035","NetSwitchTeam","C:\WINDOWS\system32\WindowsPowerShell\v1.0\Modules\NetSwitchTeam"
"1035","NetTCPIP","C:\WINDOWS\system32\WindowsPowerShell\v1.0\Modules\NetTCPIP"
"1035","NetworkConnectivityStatus","C:\WINDOWS\system32\WindowsPowerShell\v1.0\Modules\NetworkConnectivityStatus"
"1035","NetworkSwitchManager","C:\WINDOWS\system32\WindowsPowerShell\v1.0\Modules\NetworkSwitchManager"
"1035","NetworkTransition","C:\WINDOWS\system32\WindowsPowerShell\v1.0\Modules\NetworkTransition"
"1035","PcsvDevice","C:\WINDOWS\system32\WindowsPowerShell\v1.0\Modules\PcsvDevice"
"1035","PersistentMemory","C:\WINDOWS\system32\WindowsPowerShell\v1.0\Modules\PersistentMemory"
"1035","PKI","C:\WINDOWS\system32\WindowsPowerShell\v1.0\Modules\PKI"
"1035","PnpDevice","C:\WINDOWS\system32\WindowsPowerShell\v1.0\Modules\PnpDevice"
"1035","PrintManagement","C:\WINDOWS\system32\WindowsPowerShell\v1.0\Modules\PrintManagement"
"1035","ProcessMitigations","C:\WINDOWS\system32\WindowsPowerShell\v1.0\Modules\ProcessMitigations"
"1035","Provisioning","C:\WINDOWS\system32\WindowsPowerShell\v1.0\Modules\Provisioning"
"1035","PSDesiredStateConfiguration","C:\WINDOWS\system32\WindowsPowerShell\v1.0\Modules\PSDesiredStateConfiguration"
"1035","PSDiagnostics","C:\WINDOWS\system32\WindowsPowerShell\v1.0\Modules\PSDiagnostics"
"1035","PSScheduledJob","C:\WINDOWS\system32\WindowsPowerShell\v1.0\Modules\PSScheduledJob"
"1035","PSWorkflow","C:\WINDOWS\system32\WindowsPowerShell\v1.0\Modules\PSWorkflow"
"1035","PSWorkflowUtility","C:\WINDOWS\system32\WindowsPowerShell\v1.0\Modules\PSWorkflowUtility"
"1035","ScheduledTasks","C:\WINDOWS\system32\WindowsPowerShell\v1.0\Modules\ScheduledTasks"
"1035","SecureBoot","C:\WINDOWS\system32\WindowsPowerShell\v1.0\Modules\SecureBoot"
"1035","SmbShare","C:\WINDOWS\system32\WindowsPowerShell\v1.0\Modules\SmbShare"
"1035","SmbWitness","C:\WINDOWS\system32\WindowsPowerShell\v1.0\Modules\SmbWitness"
"1035","StartLayout","C:\WINDOWS\system32\WindowsPowerShell\v1.0\Modules\StartLayout"
"1035","Storage","C:\WINDOWS\system32\WindowsPowerShell\v1.0\Modules\Storage"
"1035","StorageBusCache","C:\WINDOWS\system32\WindowsPowerShell\v1.0\Modules\StorageBusCache"
"1035","TLS","C:\WINDOWS\system32\WindowsPowerShell\v1.0\Modules\TLS"
"1035","TroubleshootingPack","C:\WINDOWS\system32\WindowsPowerShell\v1.0\Modules\TroubleshootingPack"
"1035","TrustedPlatformModule","C:\WINDOWS\system32\WindowsPowerShell\v1.0\Modules\TrustedPlatformModule"
"1035","UEV","C:\WINDOWS\system32\WindowsPowerShell\v1.0\Modules\UEV"
"1035","VMDirectStorage","C:\WINDOWS\system32\WindowsPowerShell\v1.0\Modules\VMDirectStorage"
"1035","VpnClient","C:\WINDOWS\system32\WindowsPowerShell\v1.0\Modules\VpnClient"
"1035","Wdac","C:\WINDOWS\system32\WindowsPowerShell\v1.0\Modules\Wdac"
"1035","Whea","C:\WINDOWS\system32\WindowsPowerShell\v1.0\Modules\Whea"
"1035","WindowsDeveloperLicense","C:\WINDOWS\system32\WindowsPowerShell\v1.0\Modules\WindowsDeveloperLicense"
"1035","WindowsErrorReporting","C:\WINDOWS\system32\WindowsPowerShell\v1.0\Modules\WindowsErrorReporting"
"1035","WindowsSearch","C:\WINDOWS\system32\WindowsPowerShell\v1.0\Modules\WindowsSearch"
"1035","WindowsUpdate","C:\WINDOWS\system32\WindowsPowerShell\v1.0\Modules\WindowsUpdate"
"1035","WinHttpProxy","C:\WINDOWS\system32\WindowsPowerShell\v1.0\Modules\WinHttpProxy"
